Aandelen	AQR Capital Management LLC - Verenigde Staten	4400375037	2017	AQR Capital Management LLC Alternative Equity - Het doel van het fonds is om een aantrekkelijk lange termijn risico/rendement-profiel te bereiken door posities in te nemen op de wereldwijde ontwikkelde aandelenmarkten gebaseerd op alternatieve aandelenstrategieën. Over een volledige economische cyclus wordt een gemiddelde volatiliteit verwacht die tenminste 10% lager ligt dan die van de benchmark en een rendement dat hoger ligt dan de benchmark. De strategie van het fonds is om door middel van systematische aandelenstrategieën in te spelen op diverse marktanomalieën.
Aandelen	BlackRock Advisors (UK) Ltd. - Verenigd Koninkrijk	15385861847	2011	BlackRock FTSE All World Index Plus - Binnen dit mandaat wordt belegd in ondernemingen in ontwikkelde markten. Het mandaat heeft als doelstelling om op langere termijn een rendement na transactiekosten te behalen dat tenminste gelijk is aan het benchmarkrendement.
Aandelen	BlackRock Advisors (UK) Ltd. - Verenigd Koninkrijk	1873634467	2016	BlackRock Emerging Markets - Het behalen van een rendement dat is gelegen boven het index-rendement door beperkt af te wijken van de benchmark, terwijl het risico binnen nauwe bandbreedtes wordt gehouden. Binnen dit mandaat wordt belegd in ondernemingen in opkomende markten, zoals China, Brazilië en Rusland.     
Aandelen	Legal & General asset management - Verenigd Koninkrijk	16599427438	2017	Legal & General asset management Alternative Equity - Binnen dit mandaat wordt belegd in ondernemingen in ontwikkelde markten. Het mandaat heeft als doelstelling om op langere termijn een rendement na transactiekosten te behalen dat tenminste gelijk is aan het benchmarkrendement.
Aandelen	PGGM Vermogensbeheer B.V. - Nederland	1864830796	2016	PGGM SDI Beursgenoteerde aandelen - SDI Beursgenoteerde aandelen is onderdeel van het bredere PFZW beleggingsbeleidsinitiatief dat een verviervoudiging van de positieve duurzaamheidsbijdrage beoogt. Bij SDI wordt door de uitvoerder hieraan invulling gegeven door een subset van bedrijven te kiezen uit het SDI universum. Het BOA universum is een door PFZW vastgesteld universum met ondernemingen die via hun producten, diensten en/of leiderschap een positieve bijdrage leveren aan oplossingen voor de door PFZW gedefinieerde duurzaamheidsthema's.
Aandelen	PGGM Vermogensbeheer B.V. - Nederland	2673594	2010	Global Equity Transition Portfolio - Mandaat ten behoeve van de transitie van het Global Equity mandaat naar het PGGM Global Equity PF Fund
Aandelen	PGGM Vermogensbeheer B.V. - Nederland	31985067403	2011	PGGM Developed Markets Equity PF Fund - Het fonds belegt in aandelen in ontwikkelde markten en streeft daarbij een aantrekkelijk langetermijn risico- en rendementsprofiel na. Het heeft als doelstelling om op langere termijn een rendement na transactiekosten te behalen dat tenminste gelijk is aan het benchmarkrendement. Het beleggingsproces kenmerkt zich door het benutten van micro-inefficiënties die zijn gedefinieerd als (potentiële) index mutaties en/of inefficiënties in FTSE (-gerelateerde) indices.
Aandelen	PGGM Vermogensbeheer B.V. - Nederland	4633123016	2011	PGGM Developed Markets Alternative Equity PF Fund - Het fonds belegt in aandelen in ontwikkelde markten en streeft daarbij een aantrekkelijk langetermijn risico- en rendementsprofiel na. Het heeft als doelstelling om op langere termijn een rendement na transactiekosten te behalen dat tenminste gelijk is aan het benchmarkrendement.  Het beleggingsproces kenmerkt zich door beleggingen in alternatieve strategieen in plaats van de marktgewogen strategie.
Aandelen	PGGM Vermogensbeheer B.V. - Nederland	6533365966	2011	PGGM Emerging Markets Equity PF Fund - Het fonds belegt in aandelen in opkomende markten en streeft daarbij een aantrekkelijk langetermijn risico- en rendementsprofiel na. Het heeft als doelstelling om op langere termijn een rendement na transactiekosten te behalen dat tenminste gelijk is aan het benchmarkrendement. Voor het kostenefficiënt repliceren van het benchmark rendement met een strikt risico budget wordt gebruik gemaakt van twee belegginsgsstrategieën. Enerzijds wordt dit ingevuld middels een passief plus strategie, waarbij gebruikt wordt gemaakt van micro inefficiënties, anderzijds middels beperkt actief beheer, waarbij gebruik wordt gemaakt van actieve bottom up aandelen selectie.
Aandelen	PGGM Vermogensbeheer B.V. - Nederland	8948234137	2016	PGGM Developed Markets Alternative Equity 2 PF Fund - Het fonds belegt in aandelen in ontwikkelde markten en streeft daarbij een aantrekkelijk langetermijn risico- en rendementsprofiel na. Het heeft als doelstelling om op langere termijn een rendement na transactiekosten te behalen dat tenminste gelijk is aan het benchmarkrendement.  Het beleggingsproces kenmerkt zich door beleggingen in alternatieve strategieen in plaats van de marktgewogen strategie.
Aandelen	Robeco Institutional Asset Management - Nederland	3978782297	2008	Robeco Equity Index Emerging Markets - Het behalen van een rendement dat is gelegen boven het index-rendement door beperkt af te wijken van de benchmark, terwijl het risico binnen nauwe bandbreedtes wordt gehouden. Binnen dit mandaat wordt belegd in ondernemingen in opkomende markten, zoals China, Brazilië en Rusland.     
Aandelen	Robeco Institutional Asset Management - Nederland	4544391037	2017	Robeco Institutional Asset Management Alternative Equity - Het doel van het fonds is om een aantrekkelijk lange termijn risico/rendement-profiel te bereiken door posities in te nemen op de wereldwijde ontwikkelde aandelenmarkten gebaseerd op alternatieve aandelenstrategieën. Over een volledige economische cyclus wordt een gemiddelde volatiliteit verwacht die tenminste 10% lager ligt dan die van de benchmark en een rendement dat hoger ligt dan de benchmark. De strategie van het fonds is om door middel van systematische aandelenstrategieën in te spelen op diverse marktanomalieën.
Aandelen	Robeco Institutional Asset Management - Nederland	664125800	2008	Robeco Equity Index India - Het behalen van een rendement dat is gelegen boven het index-rendement door beperkt af te wijken van de benchmark, terwijl het risico binnen nauwe bandbreedtes wordt gehouden. Binnen dit mandaat wordt belegd in ondernemingen in India.     
Aandelen	UBS Asset Management (Americas), Inc. - Verenigde Staten	2924532119	2015	UBS SDI Beursgenoteerde aandelen - SDI Beursgenoteerde aandelen is onderdeel van het bredere PFZW beleggingsbeleidsinitiatief dat een verviervoudiging van de positieve duurzaamheidsbijdrage beoogt. Bij SDI wordt door de uitvoerder hieraan invulling gegeven door een subset van bedrijven te kiezen uit het SDI universum. Het BOA universum is een door PFZW vastgesteld universum met ondernemingen die via hun producten, diensten en/of leiderschap een positieve bijdrage leveren aan oplossingen voor de door PFZW gedefinieerde duurzaamheidsthema's.
Beursgenoteerd vastgoed	PGGM Vermogensbeheer B.V. - Nederland	4563654313	2009	PGGM Listed Real Estate portfolio - Het beheer van een wereldwijde portefeuille van beursgenoteerde vastgoedaandelen, die wordt belegd ten opzichte van de FTSE EPRA/NAREIT Developed Index (na aftrek van belastingen), unhedged in euro
Beursgenoteerd vastgoed	State Street Global Advisors - Nederland	6515993669	2021	State Street Listed Real Estate portfolio - Dit mandaat belegt in een wereldwijd gespreide portefeuille van beursgenoteerde vastgoedaandelen.
Currency overlay	PGGM Vermogensbeheer B.V. - Nederland	-336801133		PFZW currency overlay portfolio - Het bijsturen van het valutarisico  in overeenstemming met de Strategische Benchmark
Emerging market debt local currency	Insight Inveestment - Nederland	1402630445	2019	Insight Emerging markets debt local currency - Het mandaat belegt wereldwijd in obligaties van overheden van opkomende landen (Emerging Market Debt), die genoteerd zijn in lokale valuta’s, en streeft daarbij een aantrekkelijk risico- en rendementsprofiel na. Het mandaat heeft als doelstelling om op middellangere termijn een rendement na kosten (transactiekosten, externe management fee, custody fee en depositary fee)  te behalen dat tenminste gelijk is aan het benchmarkrendement (dat gecorrigeerd is voor niet terugvorderbare bronbelastingen) 
Emerging market debt local currency	PGGM Vermogensbeheer B.V. - Nederland	2940493131	2019	PGGM Emerging Debt Local Currency Fund - Het mandaat belegt wereldwijd in obligaties van overheden van opkomende landen (Emerging Market Debt), die genoteerd zijn in lokale valuta’s, en streeft daarbij een aantrekkelijk risico- en rendementsprofiel na. Het mandaat heeft als doelstelling om op middellangere termijn een rendement na kosten (transactiekosten, externe management fee, custody fee en depositary fee)  te behalen dat tenminste gelijk is aan het benchmarkrendement (dat gecorrigeerd is voor niet terugvorderbare bronbelastingen) 
Emerging market debt local currency	PGGM Vermogensbeheer B.V. - Nederland	8403488153	2009	PGGM Emerging Debt Local Currency Fund - Het mandaat belegt wereldwijd in obligaties van overheden van opkomende landen (Emerging Market Debt), die genoteerd zijn in lokale valuta’s, en streeft daarbij een aantrekkelijk risico- en rendementsprofiel na. Het mandaat heeft als doelstelling om op middellangere termijn een rendement na kosten (transactiekosten, externe management fee, custody fee en depositary fee)  te behalen dat tenminste gelijk is aan het benchmarkrendement (dat gecorrigeerd is voor niet terugvorderbare bronbelastingen) 
Emerging market debt local currency	State Street Global Advisors - Verenigde Staten	6981112328	2016	State Street Emerging markets debt local currency - Het mandaat belegt wereldwijd in obligaties van overheden van opkomende landen (Emerging Market Debt), die genoteerd zijn in lokale valuta’s, en streeft daarbij een aantrekkelijk risico- en rendementsprofiel na. Het mandaat heeft als doelstelling om op middellangere termijn een rendement na kosten (transactiekosten, externe management fee, custody fee en depositary fee)  te behalen dat tenminste gelijk is aan het benchmarkrendement (dat gecorrigeerd is voor niet terugvorderbare bronbelastingen) 
Hedgefondsen	Bridgewater Associates, Inc. - Verenigde Staten	0-50M	2007	Bridgewater Pure Alpha Fund - Pure Alpha is een actief beleggingsfonds die posities heeft in de wereldwijde beleggingsmarkten voor  aandelen, vastrentende waarden, valuta's en grondstoffen.
Hedgefondsen	Financial Risk Management - Verenigd Koninkrijk	0-50M	2003	FRM Thames Fund - Dit is een Fund-of-Hedge-Fund-mandaat, waarin wordt belegd in een portefeuille van verschillende hedgefondsen, actief in diverse traditionele hedgefonds-strategieën.
Hedgefondsen	Grosvenor Capital Management, LP - Verenigde Staten	0-50M	2003	Grosvenor Mississippi River Fund - Dit is een Fund-of-Hedge-Fund-mandaat, waarin wordt belegd in een portefeuille van verschillende hedgefondsen, actief in diverse traditionele hedgefonds-strategieën.
Hedgefondsen	Oaktree Capital Management - Verenigde Staten	0-50M	2010	Oaktree Opportunities Fund VIII - Oaktree belegt in vermogenstitels van bedrijven die in financiële of operationele problemen verkeren. Dit mandaat valt onder de strategie 'Corporate Distressed'.
Hypotheken	Syntrus AchmeaReal Estate & Finance - Nederland	3613369340	2015	Attens Hypotheken - Het mandaat heeft als doelstelling om een gespreide portefeuille Nederlandse particuliere woninghypotheekleningen op te bouwen
Illiquide leningen en aandelenposities	Albright Capital Management, LLC - Verenigde Staten	29891893	2007	ACM Emerging Markets Multi-Strategy Fund I, LP - ACM belegt in (publieke en private) aandelen, obligaties, leningen, (derivaten op) valuta's, renteswaps en kredietderivaten in opkomende markten. Het fonds maakt gebruik van politieke analyses en lokale expertise van The Albright Stonebridge Group.
Illiquide leningen en aandelenposities	Cordiant Capital, Inc. - Canada	1109395	2007	Cordiant Emerging Loan Fund III, LP - Beleggingen in leningen aan bedrijven in opkomende markten, die zijn gestructureerd en gesyndiceerd (zogenaamde "B-Loans") door multilaterale financiële instellingen en ontwikkelingsbanken (zoals IFC, EBRD en FMO).
Illiquide leningen en aandelenposities	Cyrte Investments B.V. - Nederland	0-50M	2006	Cyrte Fund I - Cyrte belegt op basis van een zelfontwikkelde beleggingsfilosofie wereldwijd in aandelen uit de telecom-, media- en technologiesector (TMT).
Illiquide leningen en aandelenposities	PGGM Vermogensbeheer B.V. - Nederland	142130260	2016	Overige zakelijke waarden - Het mandaat voorziet in het behalen van rendement door middel van belegging in enkele zeer specifieke mandaten die bij externe vermogensbeheerders uitstaan. Deze externe mandaten hebben een eindige looptijd en worden afgezet tegen ‘absolute return’ benchmarks.
Illiquide leningen en aandelenposities	SNS Impact Investing - Nederland	0-50M	2012	ACTIAM Institutional Microfinance Fund - Het SNS Institutional Microfinance Fund investeert in lokale banken -Microfinance Institutions (MFI's)- in opkomende markten. Het fonds wordt beheerd door SNS Impact Investing.
Illiquide leningen en aandelenposities	SNS Impact Investing - Nederland	0-50M	2012	ACTIAM Institutional Microfinance Fund II - Het SNS Institutional Microfinance Fund II investeert in lokale banken -Microfinance Institutions (MFI's)- in opkomende markten. Het fonds wordt beheerd door SNS Impact Investing.
Infrastructuur	Asper Investment Management - supranationaal	0-50M	2006	Asper Renewable Power Partners, LP - Het fonds investeert in duurzame-energieprojecten en bedrijven in Europa.
Infrastructuur	DIF Management B.V. - supranationaal	0-50M	2007	Ampere Equity Fund B.V. - Het fonds investeert in duurzame-energieprojecten in Europa.
Infrastructuur 	EIF Management, LLC - Verenigde Staten	0-50M	2007	US Power Fund III - Het fonds investeert in energieprojecten en bedrijven in de USA
Infrastructuur 	EISER Infrastructure Capital Management Ltd. - supranationaal	0-50M	2006	EISER Global Infrastructure Fund  - Het fonds investeert wereldwijd in infrastructuur-projecten en bedrijven, met een regionale focus op Europa.
Infrastructuur	Everbright Macquarie Greater China Infrastructure Management Ltd. - China	100-250M	2011	Macquarie Everbright Greater China Infrastructure Fund - Het fonds investeert in infrastructuur-projecten en bedrijven in China.
Infrastructuur	Glenmont partners - supranationaal	0-250M	2013	Glenmont Clean Energy Fund Europe II - Het fonds investeert in duurzame-energieprojecten in Europa.
Infrastructuur 	Glenmont partners - supranationaal	0-50M	2009	Glenmont Clean Energy Fund - Het fonds investeert in duurzame-energieprojecten in Europa.
Infrastructuur	Macquarie Asia Infrastructure Management - supranationaal	250-500M	2014	Macquarie Asia Infrastructure Fund - Het fonds investeert in infrastructuur-projecten en bedrijven in Azie.
Infrastructuur	Macquarie Capital Funds (Europe) Ltd. - supranationaal	0-50M	2006	Macquarie European Infrastructure Fund II - Het fonds investeert in infrastructuur-projecten en bedrijven in Europa.
Infrastructuur 	Macquarie SBI Infrastructure Management Pte. Ltd. - India	0-50M	2009	Macquarie SBI Infrastructure Fund - Het fonds investeert in infrastructuur-projecten en bedrijven in India.
Infrastructuur 	Mirova - supranationaal	0-50M	2014	Mirova Core Infrastructure Fund - Het fonds investeert in infrastructuur-projecten en bedrijven in Europa met de focus op Frankrijk
Infrastructuur	NIBC Infrastructure Partners I B.V. - supranationaal	0-50M	2007	NIBC European Infrastructure Fund I - Het fonds investeert in infrastructuur-projecten en bedrijven in Europa met een focus op de Benelux en het Verenigd Koninkrijk.
Infrastructuur	PGGM Vermogensbeheer B.V. - Nederland	10000-15000M	2016	PGGM Infrastructure Fund - Het fonds heeft als doelstelling om op langere termijn een stabiele kasstroom te generen door te beleggen in infrastructuur met een aantrekkelijk rendement- en risicoprofiel. Het fonds tracht dit doel te bereiken door beleggingen in gespecialiseerde infrastructuur fondsen en directe beleggingen in infrastructuurprojecten. 
Infrastructuur	PGGM Vermogensbeheer B.V. - Nederland	250-500M	2006	Infrastructuur segregated mandaat - Het mandaat heeft als doelstelling om op langere termijn een stabiele kasstroom te generen door te beleggen in infrastructuur met een aantrekkelijk rendement- en risicoprofiel. De vermogensbeheerder tracht dit doel te bereiken door beleggingen in gespecialiseerde infrastructuur fondsen en directe beleggingen in infrastructuurprojecten. 
Insurance	Aeolus Capital Management Ltd.  - Bermuda	100-250M	2021	Spire PF Fund - Dit fonds belegt in verzekeringsgerelateerde beleggingen (Insurance Linked Investments) via private contracten met een focus op de Verenigde Staten. Dit zijn contracten die, tegen een vergoeding, het risico van één of meerdere extreme natuurlijke catastrofe(s) overnemen.
Insurance	AlphaCat Managers Ltd. - Bermuda	500-1000M	2014	AlphaCat Soteria Fund Ltd. - Dit fonds belegt in verzekeringsgerelateerde beleggingen (Insurance Linked Investments) via private contracten met een focus op de Verenigde Staten. Dit zijn contracten die, tegen een vergoeding, het risico van één of meerdere extreme natuurlijke catastrofe(s) overnemen.
Insurance	Elementum Advisors, LLC - Verenigde Staten	250-500M	2013	Theia Catastrophe Fund Ltd. - Dit fonds belegt in verzekeringsgerelateerde beleggingen (Insurance Linked Investments) via private contracten met een focus op de Verenigde Staten. Dit zijn contracten die, tegen een vergoeding, het risico overnemen van één of meerdere extreme natuurlijke catastrofe(s).
Insurance	Fermat Capital Management, LLC - Verenigde Staten	1000-2500M	2006	Managed Account: Catastrophe Bonds - Dit mandaat belegt wereldwijd in verzekeringsgerelateerde beleggingen (Insurance Linked Securities) via catastrofe obligaties. Dit zijn contracten die, tegen een vergoeding, het risico  van één of meerdere extreme natuurlijke catastrofe(s) overnemen, met name in de Verenigde Staten.
Insurance	LGT ILS Partners Ltd. - Zwitserland	0-50M	2012	LGT (Lux) Urania ILS Fund - Dit fonds belegt in verzekeringsgerelateerde beleggingen (Insurance Linked Investments) via private contracten met een focus op Europa en Japan. Dit zijn contracten die, tegen een vergoeding, het risico van één of meerdere extreme natuurlijke catastrofe(s) overnemen.
Insurance	Munich RE - Duitsland	250-500M	2016	Leo Re Ltd. - Deze verzekeringsgerelateerde belegging (Insurance Linked Investment) belegt in private contracten wereldwijd. Dit zijn contracten die, tegen een vergoeding, het risico van één of meerdere extreme natuurlijke catastrofes overnemen. 
Insurance	Nephila Capital Ltd. - Bermuda	500-1000M	2009	Tyche Catastrophe Fund Ltd. - Dit fonds belegt in verzekeringsgerelateerde beleggingen (Insurance Linked Investments) via private contracten met een focus op de Verenigde Staten. Dit zijn contracten die, tegen een vergoeding, het risico van één of meerdere extreme natuurlijke catastrofe(s) overnemen.
Insurance	New Ocean Capital Management Ltd. - Bermuda	500-1000M	2016	Daedalus I Fund Ltd. - Dit fonds belegt in verzekeringsgerelateerde beleggingen (Insurance Linked Investments) via private contracten wereldwijd. Dit zijn contracten die, tegen een vergoeding, het risico van één of meerdere extreme natuurlijke catastrofe(s) overnemen.
Insurance	Partner Reinsurance Company Ltd. - Zwitserland	100-250M	2019	Huygens - Deze verzekeringsgerelateerde belegging (Insurance Linked Investment) belegt in private contracten wereldwijd. Dit zijn contracten die, tegen een vergoeding, het risico van één of meerdere extreme natuurlijke catastrofes overnemen. 
Insurance	PGGM Vermogensbeheer B.V. - Nederland	10000-15000M	2006	Insurance - Het Insurance Linked Investments mandaat (ILI) heeft als doelstelling om over een lange termijn investeringshorizon een netto rendement te behalen gelijk aan 4% boven de risicovrije rente. Dit doel wordt bereikt door de risico’s van grote kostbare natuurrampen, bijvoorbeeld hevige orkanen en zeer zware aardbevingen, over te nemen van (her)verzekeraars. Herverzekeraars zijn bereid een relatief hoge premie te betalen om hun geconcentreerde risico’s via de kapitaalmarkt te spreiden.
Insurance	RenaissanceRe Underwriting Managers, Ltd. - Bermuda	1000-2500M	2018	Vermeer Reinsurance Ltd. - Deze verzekeringsgerelateerde belegging (Insurance Linked Investment) belegt in private contracten met een focus op de Verenigde Staten. Dit zijn contracten die, tegen een vergoeding, het risico van één of meerdere extreme natuurlijke catastrofes overnemen. 
Insurance	SCOR SE - Frankrijk	0-250M	2021	Concordia Re Ltd. - Deze verzekeringsgerelateerde belegging (Insurance Linked Investment) belegt in private contracten wereldwijd. Dit zijn contracten die, tegen een vergoeding, het risico van één of meerdere extreme natuurlijke catastrofes overnemen. 
Insurance	Swiss Reinsurance Company Ltd.  - Zwitserland	250-500M	2019	Viaduct Re Ltd. - Deze verzekeringsgerelateerde belegging (Insurance Linked Investment) belegt in private contracten met een focus op de Verenigde Staten. Dit zijn contracten die, tegen een vergoeding, het risico van één of meerdere extreme natuurlijke catastrofes overnemen. 
Insurance	Verschillende - Bermuda	0-250M	2021	Nightingale Re Ltd. - Het managed account platform Nightingale Re geeft private verzekereringsgerelateerde beleggingen (Insurance Linked Investments) uit. Dit zijn contracten die, tegen een vergoeding, het risico van één of meerdere extreme natuurlijke catastrofes overnemen. 
Liquide krediet	abrdn - Verenigd Koninkrijk	1153029121	2021	Bedrijfsobligaties en High Yield Opkomende Markten - Het mandaat heeft als doel het opbouwen en beheren van een gediversifieerd mandaat van emerging markets Investment Grade en High Yyield corporate credits om op langere termijn een rendement na kosten te behalen dat tenminste gelijk is aan het benchmark rendement.\r\n
Liquide krediet	BlackRock - Verenigde Staten	552158082	2021	Blackrock Developed Markets High Yield - Het doel van het mandaat is om jaarlijks een netto rendement te generen, dat over een kredietcyclus, minimaal 10 basispunten boven dat van de benchmark ligt door het opbouwen van een portefeuille van bedrijfsobligaties en leningen uit ontwikkelde markten met een sub investment grade rating. 
Liquide krediet	Columbia Management Investment Advisers - Verenigde Staten	936071781	2018	US High Yield - Het doel van het mandaat is om jaarlijks een netto rendement te generen, dat over een kredietcyclus, minimaal 10 basispunten boven dat van de benchmark ligt door het opbouwen van een portefeuille van bedrijfsobligaties en leningen uit ontwikkelde markten met een sub investment grade rating. 
Liquide krediet	Federated Hermes - Verenigde Staten	355020433	2021	Federated Hermes Developed Markets High Yield - Het doel van het mandaat is om jaarlijks een netto rendement te generen, dat over een kredietcyclus, minimaal 10 basispunten boven dat van de benchmark ligt door het opbouwen van een portefeuille van bedrijfsobligaties en leningen uit ontwikkelde markten met een sub investment grade rating. 
Liquide krediet	Guggenheim Investment Management, LLC - Verenigde Staten	926861107	2011	US High Yield - Het doel van het mandaat is om jaarlijks een netto rendement te generen, dat over een kredietcyclus, minimaal 10 basispunten boven dat van de benchmark ligt door het opbouwen van een portefeuille van bedrijfsobligaties en leningen uit ontwikkelde markten met een sub investment grade rating. 
Liquide krediet	Janus Henderson - Verenigd Koninkrijk	1168418474	2021	Janus Henderson Developed Markets High Yield - Het doel van het mandaat is om jaarlijks een netto rendement te generen, dat over een kredietcyclus, minimaal 10 basispunten boven dat van de benchmark ligt door het opbouwen van een portefeuille van bedrijfsobligaties en leningen uit ontwikkelde markten met een sub investment grade rating. 
Liquide krediet	Nomura Corporate Research and Asset Management Inc. - Verenigde Staten	1114272602	2017	US High Yield - Het doel van het mandaat is om jaarlijks een netto rendement te generen, dat over een kredietcyclus, minimaal 10 basispunten boven dat van de benchmark ligt door het opbouwen van een portefeuille van bedrijfsobligaties en leningen uit ontwikkelde markten met een sub investment grade rating. 
Liquide krediet	PGGM Vermogensbeheer B.V. - Nederland	3651859566	2009	PGGM High Yield Fund - Het doel van het mandaat is om jaarlijks een netto rendement te generen, dat over een kredietcyclus, minimaal 10 basispunten boven dat van de benchmark ligt door het opbouwen van een portefeuille van (minimaal twee) externe vermogensbeheerders voor het beheren van een portefeuille van bedrijfsobligaties en leningen uit ontwikkelde markten met een sub investment grade rating. 
Liquide krediet	PGGM Vermogensbeheer B.V. - Nederland	3899353290	2009	PGGM Credits Fund - Het fonds belegt in 'investment grade' bedrijfsobligaties (Credits) die zijn genoteerd in euro's of US dollars en streeft daarbij een aantrekkelijk langetermijn risico- en rendementsprofiel na. Het fonds heeft als doelstelling om op langere termijn een rendement na transactiekosten te behalen dat tenminste gelijk is aan het benchmarkrendement. Het beleggingsproces wordt gedomineerd door individuele obligatie- en sectorselectie.
Liquide krediet	PGGM Vermogensbeheer B.V. - Nederland	5439199925	2015	Bedrijfsobligaties en High Yield Opkomende Markten - Het mandaat heeft als doel het opbouwen en beheren van een gediversifieerd mandaat van emerging markets Investment Grade en High Yyield corporate credits om op langere termijn een rendement na kosten te behalen dat tenminste gelijk is aan het benchmark rendement. \r\nEmerging markets corporate credits genereren een hoger voor risico gecorrigeerd rendement dan andere credits, zoals bijvoorbeeld U.S.Investment Grade. Door een focus op beleggingen in bedrijven met een BBB-rating en een overweging van natuurlijke hulpbronnen ten koste van financiële instellingen wordt een beter rendement dan de benchmark verwacht. Verder bestaan in de private markten excellente mogelijkheden, vooral in structured lending, om een beter gediversifieerd en stabiel mandaat te beheren dat goed bestand is tegen crises.\r\n
Liquide krediet	Threadneedle Asset Management Limited - Verenigd Koninkrijk	664201661	2017	EU High yield - Het doel van het mandaat is om jaarlijks een netto rendement te generen, dat over een kredietcyclus, minimaal 10 basispunten boven dat van de benchmark ligt door het opbouwen van een portefeuille van bedrijfsobligaties en leningen uit ontwikkelde markten met een sub investment grade rating. 
Liquide krediet	T. Rowe Price - Verenigde Staten	1132917571	2021	Bedrijfsobligaties en High Yield Opkomende Markten - Het mandaat heeft als doel het opbouwen en beheren van een gediversifieerd mandaat van emerging markets Investment Grade en High Yyield corporate credits om op langere termijn een rendement na kosten te behalen dat tenminste gelijk is aan het benchmark rendement. 
Liquide markten	PGGM Vermogensbeheer B.V. - Nederland	153217780	2010	Legacy vastrentend en inflatie - Legacy vastrentende en inflatiebeleggingen (o.a. leningen en inflatieswaps)
Liquide markten	PGGM Vermogensbeheer B.V. - Nederland	52544344887	2010	Rente-afdekkingsmandaat - Het mandaat heeft als doel om een deel van het renterisico van de pensioenverplichtingen af te dekken èn een deel van het vermogen te beleggen met een laag kredietrisico en een hoge liquiditeit. De benchmark van het mandaat is gebaseerd op de waarde van de pensioenverplichtingen gewaardeerd tegen de swapcurve. Hierdoor sluit het gevoerde beleggingsbeleid direct aan bij de doelstellingen van het mandaat. Het gevolg is echter dat de benchmark zeer moeilijk belegbaar is, waardoor het mandaat een relatief risico heeft. De performance doelstelling van het mandaat is waarde toevoegen op een driejaars horizon. Het is een geïntegreerd mandaat over verschillende beleggingscategorieën heen, waarbij gebruik gemaakt wordt van een scala van financiële instrumenten die gevoelig zijn voor rente. Hierdoor biedt het mandaat maximale flexibiliteit om aan de doelstelling te voldoen. 
Liquiditeiten	BlackRock - Ierland	659808051	2012	BlackRock Liquidity Fund - Het liquiditeitsfonds probeert een marktconform rendement te halen, terwijl de liquiditeit zeer hoog blijft (dagelijks opeisbaar) en consistent is met kapitaalpreservatie. Het fonds doet dit door te investeren in geldmarktinstrumenten van hoge kwaliteit. 
Liquiditeiten	BNP Paribas - Luxemburg	300299055	2019	BNP Paribas Liquidity Fund - Het liquiditeitsfonds probeert een marktconform rendement te halen, terwijl de liquiditeit zeer hoog blijft (dagelijks opeisbaar) en consistent is met kapitaalpreservatie. Het fonds doet dit door te investeren in geldmarktinstrumenten van hoge kwaliteit. 
Liquiditeiten	Deutsche Bank - Ierland	150589385	2019	Deutsche Bank Liquidity Fund - Het liquiditeitsfonds probeert een marktconform rendement te halen, terwijl de liquiditeit zeer hoog blijft (dagelijks opeisbaar) en consistent is met kapitaalpreservatie. Het fonds doet dit door te investeren in geldmarktinstrumenten van hoge kwaliteit. 
Liquiditeiten	Goldman Sachs Asset Management - Ierland	212101192	2008	Goldman Sachs Euro Liquidity Fund - Het liquiditeitsfonds probeert een marktconform rendement te halen, terwijl de liquiditeit zeer hoog blijft (dagelijks opeisbaar) en consistent is met kapitaalpreservatie. Het fonds doet dit door te investeren in geldmarktinstrumenten van hoge kwaliteit. 
Liquiditeiten	HSBC - Ierland	150796436	2019	HSBC Liquidity Fund - Het liquiditeitsfonds probeert een marktconform rendement te halen, terwijl de liquiditeit zeer hoog blijft (dagelijks opeisbaar) en consistent is met kapitaalpreservatie. Het fonds doet dit door te investeren in geldmarktinstrumenten van hoge kwaliteit. 
Liquiditeiten	JP Morgan - Luxemburg	604388234	2008	JP Morgan Euro Liquidity Fund - Het liquiditeitsfonds probeert een marktconform rendement te halen, terwijl de liquiditeit zeer hoog blijft (dagelijks opeisbaar) en consistent is met kapitaalpreservatie. Het fonds doet dit door te investeren in geldmarktinstrumenten van hoge kwaliteit. 
Liquiditeiten	Morgan Stanley - Luxemburg	150825498	2019	Morgan Stanley Liquidity Fund - Het liquiditeitsfonds probeert een marktconform rendement te halen, terwijl de liquiditeit zeer hoog blijft (dagelijks opeisbaar) en consistent is met kapitaalpreservatie. Het fonds doet dit door te investeren in geldmarktinstrumenten van hoge kwaliteit. 
Liquiditeiten	PGGM Vermogensbeheer B.V. - Nederland		2008	Cash mandaat - Het efficiënt beheren van de netto-liquiditeitspositie van PFZW (Liquidity Management). Doelstelling is het samenstellen van een beleggingsportefeuille, waarbinnen het vermogen in stand blijft en die voldoet aan de liquiditeitseisen.
Mezzanine	AlpInvest Partners N.V. - Nederland	46147780	2002	Mezzanine Finance - AlpInvest belegt in Mezzanine Finance. Mezzanine Finance bestaat uit financiële claims op een bedrijf die alleen prioriteit hebben ten aanzien van (Private) Equity hebben, maar zijn achtergesteld ten opzichte van andere (senior-)leningen en/of obligaties.
Privaat vastgoed	Aberdeen Standard Investments UK - Verenigd Koninkrijk	0-250M	2010	Aberdeen Standard UK Shopping Centre Trust - Het behalen van rendement door het beleggen in winkelvastgoed in het Verenigd Koninkrijk.
Privaat vastgoed	Aberdeen Standard Investments - Zuid-Korea	0-250M	2015	Ostara Korea SA LP - Het behalen van rendement door het beleggen in kantoren in Zuid-Korea.
Privaat vastgoed	Aberdeen Standard Investments - Zuid-Korea	0-250M	2019	abrdn Korea Separate Account 2 LP - Het behalen van rendement door het beleggen in kantoorvastgoed in Zuid-Korea.
Privaat vastgoed	AEW Europe - Europa	0-250M	2021	AEW ULLIS - Het behalen van rendement door het beleggen in logistiek vastgoed in diverse landen in Europa.
Privaat vastgoed	AEW Europe - Europa	500-1000M	2014	AEW Logistis - Het behalen van rendement door het beleggen in logistiek vastgoed in diverse landen in Europa.
Privaat vastgoed	Alpha Investment Partner - Azië	0-250M	2013	Alpha Asia Macro Trends Fund II - Het behalen van rendement door het beleggen in verschillende vastgoedsectoren in diverse landen in Azië.
Privaat vastgoed	Alpha Investment Partner - Azië	0-250M	2018	Alpha Asia Macro Trends Fund III - Het behalen van rendement door het beleggen in diverse vastgoedsectoren in diverse landen in Azië.
Privaat vastgoed	Ampere Gestion - Frankrijk	0-250M	2018	Fonds de Logement Intermediaire II - Het behalen van rendement door het beleggen in woningen in Frankrijk.
Privaat vastgoed	Amvest - Nederland	0-250M	1996	Amvest Vastgoed BV - Het behalen van rendement door het beleggen in woningen in Nederland.
Privaat vastgoed	Amvest - Nederland	0-250M	2013	Amvest Living & Care Fund - Het behalen van rendement door het beleggen in zorggerelateerd vastgoed in Nederland.
Privaat vastgoed	Amvest - Nederland	0-250M	2018	Amvest Development Fund BV I - Het behalen van rendement door het beleggen in woningen in Nederland.
Privaat vastgoed	Amvest - Nederland	1000-1500M	2014	Amvest Core Fund Participations - Het behalen van rendement door het beleggen in woningen in Nederland.
Privaat vastgoed	Ascendas - Azië	0-250M	2008	Ascendas Asean Business Space Fund - Het behalen van rendement door het beleggen in kantoren in diverse landen in Azië.
Privaat vastgoed	Barings - Europa	0-250M	2020	Barings European Core Property Fund - Het behalen van rendement door het beleggen in diverse vastgoedsectoren in Europa.
Privaat vastgoed	Barings - Verenigde Staten	0-250M	2013	Barings Core Property Fund LP - Het behalen van rendement door het beleggen in diverse vastgoedsectoren in de Verenigde Staten.
Privaat vastgoed	BentallGreenOak - Verenigde Staten	250-500M	2014	BGO Diversified US Property Fund LP - Het behalen van rendement door het beleggen in diverse vastgoedsectoren in de Verenigde Staten.
Privaat vastgoed	CapitaLand Mall Asia Limited - China	0-250M	2006	CapitaLand Mall China Income Fund I - Het behalen van rendement door het beleggen in winkels in China.
Privaat vastgoed	CapitaLand Mall Asia Limited - China	0-250M	2006	CapitaLand Mall China Income Fund II - Het behalen van rendement door het beleggen in winkels in China.
Privaat vastgoed	CapitaLand Mall Asia Limited - China	0-250M	2007	CapitaLand Mall China Income Fund III - Het behalen van rendement door het beleggen in winkels in China.
Privaat vastgoed	CapitaLand Mall Asia Limited - India	0-250M	2007	CapitaLand Mall India Development Fund - Het behalen van rendement door het beleggen in winkels in India.
Privaat vastgoed	CBRE Dutch Highstreet Management BV - Nederland	0-250M	2017	CBRE Dutch Highstreet Club - Het behalen van rendement door het beleggen in winkels in Nederland.
Privaat vastgoed	CBRE Dutch Office Management BV - Nederland	250-500M	2014	CBRE Dutch Office Fund - Het behalen van rendement door het beleggen in kantoren in Nederland.
Privaat vastgoed	CBRE Dutch Retail management BV - Nederland	0-250M	2016	CBRE Dutch Retail Fund - Het behalen van rendement door het beleggen in winkels in Nederland.
Privaat vastgoed	CBRE Global Investors LPFE - Europa	0-250M	2002	CBRE Logistic Property Fund Europe CV - Het behalen van rendement door het beleggen in logistiek vastgoed in diverse landen in Europa.
Privaat vastgoed	CBRE Global Investors Southern Europe - Europa	0-250M	2000	CBRE Retail Property Fund Iberica LP - Het behalen van rendement door het beleggen in winkels in Spanje en Portugal.
Privaat vastgoed	Charter Hall - Australië	0-250M	2019	Charter Hall PGGM Industrial Partnership - Het behalen van rendement door het beleggen in logistiek vastgoed in Australië.
Privaat vastgoed	CIM Urban Partners - Verenigde Staten	0-250M	2011	CIM Urban Reit VI - Het behalen van rendement door het beleggen in diverse vastgoedsectoren in de Verenigde Staten.
Privaat vastgoed	Clarion Partners Mexico - Mexico	0-250M	2006	Clarion Lion Mexico Fund - Het behalen van rendement door het beleggen in diverse vastgoedsectoren in Mexico.
Privaat vastgoed	Clarion Partners US - Verenigde Staten	0-250M	2021	Clarion Gables Residential Fund - Het behalen van rendement door het beleggen in woningen in de Verenigde Staten.
Privaat vastgoed	Clarion Partners US - Verenigde Staten	500-1000M	2005	Clarion Lion Properties Fund - Het behalen van rendement door het beleggen in diverse vastgoedsectoren in de Verenigde Staten.
Privaat vastgoed	Clarion Partners US - Verenigde Staten	750-1000M	2013	Clarion Lion Industrial Trust - Het behalen van rendement door het beleggen in logistiek vastgoed in de Verenigde Staten.
Privaat vastgoed	Dermot - Verenigde Staten	0-250M	2018	Dermot I 21WestEnd New York JV - Het behalen van rendement door het beleggen in woningen in de Verenigde Staten.
Privaat vastgoed	Dermot - Verenigde Staten	0-250M	2018	Dermot II New York multi-family JV - Het behalen van rendement door het beleggen in woningen in de Verenigde Staten.
Privaat vastgoed	Dermot - Verenigde Staten	0-250M	2019	Dermot III New York multi-family JV - Het behalen van rendement door het beleggen in woningen in de Verenigde Staten.
Privaat vastgoed	DIC - Duitsland	0-250M	2019	DIC Bond DICP Europe - Het behalen van rendement door het beleggen in diverse vastgoedsectoren in Duitsland.
Privaat vastgoed	DIC - Duitsland	0-250M	2019	DIC Bond KGaA - Het behalen van rendement door het beleggen in diverse vastgoedsectoren in Duitsland.
Privaat vastgoed	EG - Australië	0-250M	2021	EG Australian Core Enhanced Fund - Het behalen van rendement door het beleggen in diverse vastgoedsectoren in Australië.
Privaat vastgoed	ESR Singapore - China	500-1000M	2012	Redwood China Logistics Fund - Het behalen van rendement door het beleggen in logistiek vastgoed in China.
Privaat vastgoed	ESR Singapore - Japan	0-250M	2013	Redwood Japan Logistics Fund - Het behalen van rendement door het beleggen in logistiek vastgoed in Japan.
Privaat vastgoed	Fonciere Atland - Frankrijk	0-250M	2016	Dumoulin - Het behalen van rendement door het beleggen in kantoren in Frankrijk.
Privaat vastgoed	Forum Partners - Europa	0-250M	2007	Forum European Realty Income III - Het behalen van rendement door het beleggen in diverse vastgoedsectoren in Europa.
Privaat vastgoed	GELF Management S.à.r.l. - Europa	250-500M	2010	Goodman European Partnership - Het behalen van rendement door het beleggen in logistiek vastgoed in Europa.
Privaat vastgoed	GFM HK Ltd. - Hongkong	750-1000M	2006	Goodman HK Logistics Fund - Het behalen van rendement door het beleggen in logistiek vastgoed in Hong Kong.
Privaat vastgoed	Goodman Group - Australië	0-250M	2005	Goodman Australian Industrial Fund - Het behalen van rendement door het beleggen in logistiek vastgoed in Australië.
Privaat vastgoed	GPT Funds Management Ltd. - Australië	0-250M	2006	GPT Wholesale Office Fund - Het behalen van rendement door het beleggen in kantoren in Australië.
Privaat vastgoed	GPT Funds Management Ltd. - Australië	0-250M	2007	GPT Wholesale Shopping Centre Fund - Het behalen van rendement door het beleggen in winkels in Australië.
Privaat vastgoed	Greystar - Verenigde Staten	0-250M	2017	Greystar Growth & Income Fund - Het behalen van rendement door het beleggen in woningen in de Verenigde Staten.
Privaat vastgoed	Greystar - Verenigde Staten	250-500M	2013	Greystar Master Partnership I LP - Het behalen van rendement door het beleggen in woningen in de Verenigde Staten.
Privaat vastgoed	GTIS Partners - Brazilië	0-250M	2011	GTIS Brazil Real Estate Fund II - Het behalen van rendement door het beleggen in diverse vastgoedsectoren in Brazilië.
Privaat vastgoed	GTIS Partners - Brazilië	0-250M	2014	GTIS Tangara - Het behalen van rendement door het beleggen in een hotel in Brazilië.
Privaat vastgoed	GTIS Partners - Brazilië	0-250M	2016	GTIS Brazil Real Estate Fund III - Het behalen van rendement door het beleggen in diverse vastgoedsectoren in Brazilië.
Privaat vastgoed	Harrison Street - Verenigde Staten	0-250M	2021	Harrison Street OM Co-investment I - Het behalen van rendement door het beleggen in zorggerelateerd vastgoed in de Verenigde Staten.
Privaat vastgoed	Harrison Street - Verenigde Staten	0-250M	2021	HSRE SB City Science Co-Investment - Het behalen van rendement door te beleggen in een life science project in de Verenigde Staten.
Privaat vastgoed	Harrison Street - Verenigde Staten	250-500M	2013	Harrison Street Core Property Fund LP - Het behalen van rendement door het beleggen in diverse vastgoedsectoren in de Verenigde Staten.
Privaat vastgoed	Harrison Street - Verenigde Staten	250-500M	2018	Harrison Street US SA II L.P. - Het behalen van rendement door het beleggen in diverse vastgoedsectoren in de Verenigde Staten.
Privaat vastgoed	Hines - Italië	0-250M	2021	Milan Living Fund BTR 1 - Het behalen van rendement door te beleggen in woningen in Italië.
Privaat vastgoed	Hines - Italië	0-250M	2021	Milan Living Fund BTR 2 - Het behalen van rendement door te beleggen in woningen in Italië.
Privaat vastgoed	Hines Luxembourg - Europa	0-250M	2019	Hines Pan-European Core Fund - Het behalen van rendement door het beleggen in diverse vastgoedsectoren in Europa.
Privaat vastgoed	IDERA - Japan	0-250M	2017	Godo Kaisha Japan Residential Fund - Het behalen van rendement door het beleggen in woningen in Japan.
Privaat vastgoed	IDERA - Japan	0-250M	2017	Japan Residential Property Fund - Het behalen van rendement door het beleggen in woningen in Japan.
Privaat vastgoed	IEF Capital - Nederland	0-250M	2005	IEF Capital Berlage equity - Het behalen van rendement door het beleggen in winkels in Nederland.
Privaat vastgoed	InvenTrust - Verenigde Staten	0-250M	2013	Inland American GM Retail Fund I, LLC - Het behalen van rendement door het beleggen in winkels in de Verenigde Staten.
Privaat vastgoed	Invesco - Verenigde Staten	0-250M	2021	Invesco Industrial Western US JV - Het behalen van rendement door het beleggen in logistiek vastgoed in de Verenigde Staten.
Privaat vastgoed	Invesco - Verenigde Staten	0-250M	2021	Invesco Medical Offices JV - Het behalen van rendement door het beleggen in zorggerelateerd vastgoed in de Verenigde Staten.
Privaat vastgoed	Invesco - Verenigde Staten	250-500M	2011	Invesco CREF - Het behalen van rendement door het beleggen in diverse vastgoedsectoren in de Verenigde Staten.
Privaat vastgoed	LaSalle - Europa	0-250M	1999	Euro 5 - Het behalen van rendement door het beleggen in diverse vastgoedsectoren in Europa.
Privaat vastgoed	Lasalle - Verenigde Staten	0-250M	2021	LaSalle Property Fund - Het behalen van rendement door het beleggen in diverse vastgoedsectoren in de Verenigde Staten.
Privaat vastgoed	Legal & General Property - Verenigd Koninkrijk	0-250M	2014	Bishopsgate - Het behalen van rendement door het beleggen in diverse vastgoedsectoren in het Verenigd Koninkrijk.
Privaat vastgoed	Legal & General Property - Verenigd Koninkrijk	0-250M	2014	Vantage London LP - Het behalen van rendement door het beleggen in diverse vastgoedsectoren in het Verenigd Koninkrijk.
Privaat vastgoed	Legal & General Property - Verenigd Koninkrijk	0-250M	2015	Access Development LP - Het behalen van rendement door het beleggen in woningen in het Verenigd Koninkrijk.
Privaat vastgoed	Legal & General Property - Verenigd Koninkrijk	0-250M	2019	Legal & General UK Build To Rent Fund LP - Het behalen van rendement door het beleggen in woningen in het Verenigd Koninkrijk.
Privaat vastgoed	Lend Lease Investment Management Pte Ltd - Singapore	0-250M	2002	Parkway Parade Partnership - Het behalen van rendement door het beleggen in winkels in Singapore.
Privaat vastgoed	LRO Hospitality - Europa	0-250M	2021	LRO Hospitality Fund - Het behalen van rendement door te beleggen in hotels in Europa.
Privaat vastgoed	MacFarlane Partners - Verenigde Staten	0-250M	2008	MacFarlane Urban Real Estate Fund III - Het behalen van rendement door het beleggen in diverse vastgoedsectoren in de Verenigde Staten.
Privaat vastgoed	Morgan Stanley Europe - Europa	250-500M	2020	Morgan Stanley - Het behalen van rendement door het beleggen in diverse vastgoedsectoren in Europa.
Privaat vastgoed	Morgan Stanley - Verenigde Staten	500-1000M	2005	Morgan Stanley - Het behalen van rendement door het beleggen in diverse vastgoedsectoren in de Verenigde Staten.
Privaat vastgoed	Nuveen London - Europa	0-250M	1999	Nuveen European Outlet Mall Fund - Het behalen van rendement door het beleggen in winkels in Europa.
Privaat vastgoed	Nuveen Real Estate - Verenigde Staten	0-250M	2016	TIAA-CREF US Super Regional Mall Fund - Het behalen van rendement door het beleggen in winkels in de Verenigde Staten.
Privaat vastgoed	PAG Real Estate - Azië	0-250M	2015	PAG Real Estate Partners - Het behalen van rendement door het beleggen in diverse vastgoedsectoren in diverse landen in Azië.
Privaat vastgoed	Patrizia - Duitsland	0-250M	2005	Rockspring German Retail Box Fund - Het behalen van rendement door het beleggen in winkels in Duitsland.
Privaat vastgoed	Patrizia - Duitsland	0-250M	2015	Spitfire (GRBF Co-Investment) - Het behalen van rendement door het beleggen in winkels in Duitsland.
Privaat vastgoed	Patrizia - Duitsland	0-250M	2017	Charlie Berlin LP - Het behalen van rendement door het beleggen in kantoren in Duitsland.
Privaat vastgoed	PGGM Vermogensbeheer B.V. - Nederland	20000-25000M	2010	PGGM Private Real Estate Fund - Het fonds heeft als doelstelling om op langere termijn een stabiel rendement te behalen. Het fonds tracht dit doel te bereiken door te beleggen in een gediversifieerde portefeuille van regio- en sectorspecifieke niet-beursgenoteerde vastgoedfondsen en co-investeringen. 
Privaat vastgoed	PGGM Vermogensbeheer B.V. - Nederland	250-500M	1995	Private Real Estate segregated mandaat - Binnen dit mandaat wordt wereldwijd belegd in een gespreide portefeuille van niet-beursgenoteerde vastgoedfondsen. Naast geografische spreiding vindt diversificatie plaats over sectoren (woningen, winkels, kantoren en logistiek).
Privaat vastgoed	Pine Tree - Verenigde Staten	0-250M	2010	Inland Retail JV - Het behalen van rendement door het beleggen in winkels in de Verenigde Staten.
Privaat vastgoed	Pradera - AM - Europa	0-250M	2000	Pradera - Het behalen van rendement door het beleggen in winkels in diverse landen in Europa.
Privaat vastgoed	Principal Real Estate Investors LLC - Verenigde Staten	0-250M	2018	Principal Real Estate Participating Loan Fund - Het behalen van rendement door het beleggen in woningen in de Verenigde Staten.
Privaat vastgoed	Prologis Luxembourg - Europa	250-500M	2020	Prologis European Logistics Fund - Het behalen van rendement door het beleggen in logistiek vastgoed in diverse landen in Europa.
Privaat vastgoed	Prologis Singapore - China	0-250M	2019	Prologis China Core Logistics Fund - Het behalen van rendement door het beleggen in logistiek vastgoed in China.
Privaat vastgoed	Prologis - Verenigde Staten	1000-1500M	2011	Prologis USLF - Het behalen van rendement door het beleggen in logistiek vastgoed in de Verenigde Staten.
Privaat vastgoed	Prudential - Mexico	0-250M	2015	PLA Retail Fund II - Het behalen van rendement door het beleggen in winkels in Mexico.
Privaat vastgoed	QIC Retail Pty Ltd. - Australië	0-250M	2002	QIC Town Centre Fund - Het behalen van rendement door het beleggen in winkels in Australië.
Privaat vastgoed	Redevco - Frankrijk	0-250M	2018	Redevco-PGGM Urban Retail Ventures - Het behalen van rendement door het beleggen in winkels in Frankrijk.
Privaat vastgoed	Savills - Italie	0-250M	2017	Milan Green Fund - Het behalen van rendement door het beleggen in diverse vastgoedsectoren in Italië.
Privaat vastgoed	Savills - Italie	0-250M	2019	Milan Green Fund II - Het behalen van rendement door het beleggen in diverse vastgoedsectoren in Italië.
Privaat vastgoed	Scentre Group - Australië	0-250M	2007	Scentre Group Property Linked Notes - Het behalen van rendement door het beleggen in winkels in Australië.
Privaat vastgoed	Selby - Verenigde Staten	0-250M	2020	Selby USAA multi-family SoCal JV - Het behalen van rendement door het beleggen in woningen in de Verenigde Staten.
Privaat vastgoed	Sentinel Real Estate Corporation - Verenigde Staten	0-250M	2010	Sentinel Real Estate Fund LP - Het behalen van rendement door het beleggen in woningen in de Verenigde Staten.
Privaat vastgoed	Sentinel Real Estate Corporation - Verenigde Staten	0-250M	2020	Sentinel Urban JV - Het behalen van rendement door het beleggen in woningen in de Verenigde Staten.
Privaat vastgoed	Square Mile Capital Management LLC - Verenigde Staten	0-250M	2018	Square Mile I Preferred Equity JV - Het behalen van rendement door het beleggen in diverse vastgoedsectoren in de Verenigde Staten.
Privaat vastgoed	Square Mile Capital Management LLC - Verenigde Staten	0-250M	2020	Square Mile II Preferred Equity JV - Het behalen van rendement door het beleggen in diverse vastgoedsectoren in de Verenigde Staten.
Privaat vastgoed	Square Mile Capital Management LLC - Verenigde Staten	0-250M	2021	Square Mile Urban Infill JV - Het behalen van rendement door het beleggen in diverse vastgoedsectoren in de Verenigde Staten.
Privaat vastgoed	UBS Realty Investors - Verenigde Staten	0-250M	2016	UBS Trumbull Property Income Fund - Het behalen van rendement door het beleggen in diverse vastgoedsectoren in de Verenigde Staten.
Privaat vastgoed	USAA Real Estate Company - Verenigde Staten	0-250M	2019	USAA Eagle Real Estate (EU Parallel) S.C.S. - Het behalen van rendement door het beleggen in diverse vastgoedsectoren in de Verenigde Staten.
Privaat vastgoed	Vesteda - Nederland	500-1000M	2002	Vesteda Residential Fund - Het behalen van rendement door het beleggen in woningen in Nederland.
Real Assets	Black River Asset Management - Verenigde Staten	0-50M	2010	Black River Agriculture Fund - Het fonds belegt wereldwijd in landbouwgrond en operationele landbouwactiviteiten.
Real Assets	Conservation Forestry - Verenigde Staten	0-250M	2009	Conservation Forestry Parallel Fund II-B, LP - Conservation Forestry belegt in bosbouw in de Verenigde Staten. Bij deze investering wordt institutioneel geld gecombineerd met geld van natuurbeschermingsorganisaties. De belangrijkste fundamentele rendementsbron is de groei van bomen en verkoop van hout.
Real Assets	GMO Renewable Resources Ltd. - Verenigde Staten	0-250M	2007	GMO Long Horizons Forestry Fund - GMO belegt wereldwijd in bosbouw door het direct of indirect kopen van grond met een bosbestand of grond waar vervolgens bomen op worden geplant. De belangrijkste fundamentele rendementsbron is de groei van bomen en verkoop van hout.
Real Assets	Gottex Fund Management - Verenigd Koninkrijk	0-50M	2008	Gottex Brent Real Asset Fund, LP - Gottex belegt in de financiering van Real Assets, zoals windmolenparken, zonne-energie en biogas-installaties, transport en mijnbouw.
Real Assets	NCH Capital, Inc. - Verenigde Staten	100-250M	2007	NCH Agribusiness Partners, LP - Het fonds richt zich op het kopen en/of leasen en vervolgens bewerken van landbouwgrond in met name Oekraïne en Rusland. Door consolidatie van kleine stukken grond en het toepassen van moderne landbouwtechnieken wordt relatief goedkoop geproduceerd voor wereldwijde markten.
Real Assets	PGGM Vermogensbeheer B.V. - Nederland	250-500M	2008	Real Assets - Het mandaat heeft als doelstelling op langere termijn een stabiel rendement te behalen door op gediversifieerde wijze te beleggen. Diversificatie vindt plaats zowel naar geografie, als naar categorie als naar specifieke onderliggende projecten. Het zwaartepunt van de beleggingen is land- en bosbouw. De investeringen kunnen via een fonds, separaat account of direct zijn. Doelstelling is daarbij steeds de “best-in-class” manager te selecteren op basis van een grondig due diligence proces. Deze managers worden vervolgens zeer intensief gemonitord.
Real Assets	Rabo FARM - Nederland	100-250M	2010	Ziemia Fund - Het fonds richt zich op het kopen van landbouwgrond in Oost-Europa. De grond wordt verhuurd aan operationele partners die produceren voor de wereldwijde markten
Real Assets	RMK Timberland Group - Verenigde Staten	0-50M	2008	Aconcagua Investments, LP - RMK belegt wereldwijd in bosbouw door het direct of indirect kopen van grond met een bosbestand of grond waar vervolgens bomen op worden geplant. De belangrijkste fundamentele rendementsbron is de groei van bomen en verkoop van hout.
