Betrokkenheid bij Rusland/Wit-Rusland		Groot-Brittannië
Betrokkenheid bij Rusland/Wit-Rusland		Nederland
Betrokkenheid bij Rusland/Wit-Rusland		Nederland
Betrokkenheid bij Rusland/Wit-Rusland		Rusland
Betrokkenheid bij Rusland/Wit-Rusland		Rusland
Betrokkenheid bij Rusland/Wit-Rusland		Rusland
Betrokkenheid bij Rusland/Wit-Rusland		Rusland
Betrokkenheid bij Rusland/Wit-Rusland		Rusland
Betrokkenheid bij Rusland/Wit-Rusland		Rusland
Betrokkenheid bij Rusland/Wit-Rusland		Rusland
Betrokkenheid bij Rusland/Wit-Rusland		Rusland
Betrokkenheid bij Rusland/Wit-Rusland		Rusland
Betrokkenheid bij Rusland/Wit-Rusland		Rusland
Betrokkenheid bij Rusland/Wit-Rusland		Rusland
Betrokkenheid bij Rusland/Wit-Rusland		Rusland
Betrokkenheid bij Rusland/Wit-Rusland		Rusland
Betrokkenheid bij Rusland/Wit-Rusland		Rusland
Betrokkenheid bij Rusland/Wit-Rusland		Rusland
Betrokkenheid bij Rusland/Wit-Rusland		Rusland
Betrokkenheid bij Rusland/Wit-Rusland		Rusland
Betrokkenheid bij Rusland/Wit-Rusland		Rusland
Betrokkenheid bij Rusland/Wit-Rusland		Rusland
Betrokkenheid bij Rusland/Wit-Rusland		Rusland
Betrokkenheid bij Rusland/Wit-Rusland		Rusland
Betrokkenheid bij Rusland/Wit-Rusland		Rusland
Betrokkenheid bij Rusland/Wit-Rusland		Rusland
Betrokkenheid bij Rusland/Wit-Rusland		Rusland
Betrokkenheid bij Rusland/Wit-Rusland		Rusland
Betrokkenheid bij Rusland/Wit-Rusland		Rusland
Betrokkenheid bij Rusland/Wit-Rusland		Rusland
Betrokkenheid bij Rusland/Wit-Rusland		Rusland
Betrokkenheid bij Rusland/Wit-Rusland		Rusland
Betrokkenheid bij Rusland/Wit-Rusland		Rusland
Betrokkenheid bij Rusland/Wit-Rusland		Rusland
Betrokkenheid bij Rusland/Wit-Rusland		Rusland
Betrokkenheid bij Rusland/Wit-Rusland		Rusland
Betrokkenheid bij Rusland/Wit-Rusland		Rusland
Betrokkenheid bij Rusland/Wit-Rusland		Rusland
Betrokkenheid bij Rusland/Wit-Rusland		Rusland
Betrokkenheid bij Rusland/Wit-Rusland		Rusland
Betrokkenheid bij Rusland/Wit-Rusland		Rusland
Betrokkenheid bij Rusland/Wit-Rusland		Rusland
Betrokkenheid bij Rusland/Wit-Rusland		Rusland
Betrokkenheid bij Rusland/Wit-Rusland		Rusland
Betrokkenheid bij Rusland/Wit-Rusland		Rusland
Betrokkenheid bij Rusland/Wit-Rusland		Rusland
Betrokkenheid bij Rusland/Wit-Rusland		Rusland
Betrokkenheid bij Rusland/Wit-Rusland		Rusland
Betrokkenheid bij Rusland/Wit-Rusland		Rusland
Betrokkenheid bij Rusland/Wit-Rusland		Rusland
Betrokkenheid bij Rusland/Wit-Rusland		Rusland
Betrokkenheid bij Rusland/Wit-Rusland		Rusland
Betrokkenheid bij Rusland/Wit-Rusland		Rusland
Betrokkenheid bij Rusland/Wit-Rusland		Rusland
Betrokkenheid bij Rusland/Wit-Rusland		Rusland
Betrokkenheid bij Rusland/Wit-Rusland		Rusland
Betrokkenheid bij Rusland/Wit-Rusland		Rusland
Betrokkenheid bij Rusland/Wit-Rusland		Rusland
Betrokkenheid bij Rusland/Wit-Rusland		Rusland
Betrokkenheid bij Rusland/Wit-Rusland		Rusland
Betrokkenheid bij Rusland/Wit-Rusland		Rusland
Betrokkenheid bij Rusland/Wit-Rusland		Rusland
Betrokkenheid bij Rusland/Wit-Rusland		Rusland
Betrokkenheid bij Rusland/Wit-Rusland		Rusland
Betrokkenheid bij Rusland/Wit-Rusland		Rusland
Betrokkenheid bij Rusland/Wit-Rusland		Rusland
Betrokkenheid bij Rusland/Wit-Rusland		Rusland
Betrokkenheid bij Rusland/Wit-Rusland		Rusland
Betrokkenheid bij Rusland/Wit-Rusland		Rusland
Betrokkenheid bij Rusland/Wit-Rusland		Rusland
Betrokkenheid bij Rusland/Wit-Rusland		Rusland
Betrokkenheid bij Rusland/Wit-Rusland		Rusland
Betrokkenheid bij Rusland/Wit-Rusland		Rusland
Betrokkenheid bij Rusland/Wit-Rusland		Rusland
Betrokkenheid bij Rusland/Wit-Rusland		Rusland
Betrokkenheid bij Rusland/Wit-Rusland		Rusland
Betrokkenheid bij Rusland/Wit-Rusland		Rusland
Betrokkenheid bij Rusland/Wit-Rusland		Rusland
Betrokkenheid bij Rusland/Wit-Rusland		Rusland
Betrokkenheid bij Rusland/Wit-Rusland		Rusland
Betrokkenheid bij Rusland/Wit-Rusland		Rusland
Betrokkenheid bij Rusland/Wit-Rusland		Rusland
Betrokkenheid bij Rusland/Wit-Rusland		Rusland
Betrokkenheid bij Rusland/Wit-Rusland		Rusland
Betrokkenheid bij Rusland/Wit-Rusland		Rusland
Betrokkenheid bij Rusland/Wit-Rusland		Rusland
Betrokkenheid bij Rusland/Wit-Rusland		Rusland
Betrokkenheid bij Rusland/Wit-Rusland		Rusland
Betrokkenheid bij Rusland/Wit-Rusland		Rusland
Betrokkenheid bij Rusland/Wit-Rusland		Rusland
Betrokkenheid bij Rusland/Wit-Rusland		Rusland
Betrokkenheid bij Rusland/Wit-Rusland		Rusland
Betrokkenheid bij Rusland/Wit-Rusland		Rusland
Betrokkenheid bij Rusland/Wit-Rusland		Rusland
Betrokkenheid bij Rusland/Wit-Rusland		Rusland
Betrokkenheid bij Rusland/Wit-Rusland		Rusland
Betrokkenheid bij Rusland/Wit-Rusland		Rusland
Betrokkenheid bij Rusland/Wit-Rusland		Rusland
Betrokkenheid bij Rusland/Wit-Rusland		Rusland
Betrokkenheid bij Rusland/Wit-Rusland		Rusland
Betrokkenheid bij Rusland/Wit-Rusland		Rusland
Betrokkenheid bij Rusland/Wit-Rusland		Rusland
Betrokkenheid bij Rusland/Wit-Rusland		Rusland
Betrokkenheid bij Rusland/Wit-Rusland		Rusland
Betrokkenheid bij Rusland/Wit-Rusland		Rusland
Betrokkenheid bij Rusland/Wit-Rusland		Rusland
Betrokkenheid bij Rusland/Wit-Rusland		Rusland
Betrokkenheid bij Rusland/Wit-Rusland		Rusland
Betrokkenheid bij Rusland/Wit-Rusland		Rusland
Betrokkenheid bij Rusland/Wit-Rusland		Rusland
Betrokkenheid bij Rusland/Wit-Rusland		Rusland
Betrokkenheid bij Rusland/Wit-Rusland		RUSLAND
Betrokkenheid bij Rusland/Wit-Rusland		Wit-Rusland
Olieboringen in het Noordpoolgebied		Verenigde Staten
Olieboringen in het Noordpoolgebied		Verenigde Staten
Olieboringen in het Noordpoolgebied		Verenigd Koninkrijk
Olieboringen in het Noordpoolgebied		Verenigd Koninkrijk
Olie & Gas		Argentinië
Olie & gas		Brazilië
Olie & Gas		Brazilië
Olie & Gas		Canada
Olie & Gas		Canada
Olie & Gas		Canada
Olie & Gas		Canada
Olie & Gas		Canada
Olie & Gas		Chili
Olie & gas		China
Olie & Gas		China
Olie & Gas		China
Olie & Gas		China
Olie & Gas		China
Olie & Gas		Denemarken
Olie & Gas		Hong Kong
Olie & Gas		Hong Kong
Olie & Gas		India
Olie & Gas		India
Olie & Gas		India
Olie & Gas		India
Olie & Gas		Indonesië
Olie & Gas		Israël
Olie & Gas		Israël
Olie & Gas		Japan
Olie & Gas		Kazachstan
Olie & Gas		Kazachstan
Olie & Gas		Luxemburg
Olie & Gas		Luxemburg
Olie & Gas		Luxemburg
Olie & Gas		Luxemburg
Olie & Gas		Mexico
Olie & Gas		NIGERIJE
Olie & Gas		Oezbekistan
Olie & Gas		Pakistan
Olie & Gas		Pakistan
Olie & Gas		Peru
Olie & Gas		Peru
Olie & Gas		Peru
Olie & Gas		PERU
Olie & Gas		Polen
Olie & Gas		Qatar
Olie & Gas		Rusland
Olie & Gas		Rusland
Olie & Gas		Rusland
Olie & Gas		Saoedi-Arabië
Olie & Gas		Singapore
Olie & Gas		Singapore
Olie & Gas		Singapore
Olie & Gas		Singapore
Olie & Gas		Thailand
Olie & Gas		Thailand
Olie & Gas		Trinidad &Tobago
Olie & Gas		UAE
Olie & Gas		Verenigde Arabische Emiraten
Olie & Gas		Verenigde Staten
Olie & Gas		Verenigde Staten
Olie & Gas		Verenigde Staten
Olie & Gas		Verenigde Staten
Olie & Gas		Verenigde Staten
Olie & Gas		Verenigde Staten
Olie & Gas		Verenigde Staten
Olie & Gas		Verenigde Staten
Olie & Gas		Verenigde Staten
Olie & Gas		Verenigde Staten
Olie & Gas		Verenigde Staten
Olie & Gas		Verenigde Staten
Olie & Gas		Verenigde Staten
Olie & Gas		Verenigde Staten
Olie & Gas		Verenigde Staten
Olie & Gas		Verenigde Staten
Olie & Gas		Verenigde Staten
Olie & Gas		Verenigde Staten
Olie & Gas		Verenigde Staten
Olie & Gas		Verenigde Staten
Olie & Gas		Verenigde Staten
Olie & Gas		Verenigde Staten
Olie & Gas		Verenigde Staten
Olie & Gas		Verenigde Staten
Olie & Gas		Verenigde Staten
Olie & Gas		Verenigde Staten
Olie & Gas		Verenigde Staten
Olie & Gas		Verenigde Staten
Olie & Gas		Verenigde Staten
Olie & Gas		Verenigde Staten
Olie & Gas		Verenigde Staten
Olie & Gas		Verenigde Staten
Olie & Gas		Verenigde Staten
Olie & Gas		Verenigde Staten
Olie & Gas		Verenigde Staten
Olie & Gas		Verenigde Staten
Olie & Gas		Verenigde Staten
Olie & Gas		Verenigde Staten
Olie & Gas		Verenigde Staten
Olie & Gas		Verenigde Staten
Olie & Gas		Verenigde Staten
Olie & Gas		Verenigde Staten
Olie & Gas		Verenigde Staten
Olie & Gas		Verenigde Staten
Olie & Gas		Verenigde Staten
Olie & Gas		Verenigde Staten
Olie & Gas		Verenigde Staten
Olie & Gas		Verenigde Staten
Olie & Gas		Verenigde Staten
Olie & Gas		Verenigde Staten
Olie & Gas		Verenigde Staten
Olie & Gas		Verenigde Staten
Olie & Gas		Verenigde Staten
Olie & Gas		Verenigde Staten
Olie & Gas		Verenigde Staten
Olie & Gas		Verenigde Staten
Olie & Gas		Verenigde Staten
Olie & Gas		Verenigde Staten
Olie & Gas		Verenigde Staten
Olie & Gas		Verenigde Staten
Olie & Gas		Verenigde Staten
Olie & Gas		Verenigde Staten
Olie & Gas		Verenigde Staten
Olie & Gas		Verenigde Staten
Olie & Gas		Verenigde Staten
Olie & Gas		Verenigde Staten
Olie & Gas		VERENIGDE STATEN
Olie & Gas		VERENIGD KONINKRIJK
Olie & Gas		Zuid-Korea
Steenkool		Australië
Steenkool		Australië
Steenkool		Australië
Steenkool		Australië
Steenkool		Australië
Steenkool		Australië
Steenkool		Australië
Steenkool		Australië
Steenkool		Australië
Steenkool		Australië
Steenkool		Canada
Steenkool		Chili
Steenkool		Chili
Steenkool		Chili
Steenkool		Chili
Steenkool		Chili
Steenkool		Chili
Steenkool		China
Steenkool		China
Steenkool		China
Steenkool		China
Steenkool		China
Steenkool		China
Steenkool		China
Steenkool		China
Steenkool		China
Steenkool		China
Steenkool		China
Steenkool		China
Steenkool		China
Steenkool		China
Steenkool		China
Steenkool		China
Steenkool		China
Steenkool		China
Steenkool		China
Steenkool		China
Steenkool		China
Steenkool		China
Steenkool		China
Steenkool		China
Steenkool		China
Steenkool		China
Steenkool		China
Steenkool		China
Steenkool		China
Steenkool		China
Steenkool		China
Steenkool		China
Steenkool		China
Steenkool		China
Steenkool		China
Steenkool		China
Steenkool		China
Steenkool		China
Steenkool		China
Steenkool		China
Steenkool		China
Steenkool		China
Steenkool		China
Steenkool		China
Steenkool		China
Steenkool		China
Steenkool		China
Steenkool		China
Steenkool		China
Steenkool		China
Steenkool		China
Steenkool		China
Steenkool		China
Steenkool		China
Steenkool		China
Steenkool		China
Steenkool		China
Steenkool		Dominikaanse Republiek
Steenkool		El Salvador
Steenkool		Filipijnen
Steenkool		Filipijnen
Steenkool		Filippijnen
Steenkool		Filippijnen
Steenkool		Frankrijk
Steenkool		Hongkong
Steenkool		Hong Kong
Steenkool		Hong Kong
Steenkool		Hong Kong
Steenkool		Hong Kong
Steenkool		Hong Kong
Steenkool		Hong Kong
Steenkool		Hong Kong
Steenkool		Ierland
Steenkool		India
Steenkool		India
Steenkool		India
Steenkool		India
Steenkool		India
Steenkool		India
Steenkool		India
Steenkool		India
Steenkool		India
Steenkool		India
Steenkool		India
Steenkool		India
Steenkool		Indonesië
Steenkool		Indonesië
Steenkool		Indonesië
Steenkool		Indonesië
Steenkool		Indonesië
Steenkool		Indonesië
Steenkool		Indonesië
Steenkool		Indonesië
Steenkool		Indonesië
Steenkool		Indonesië
Steenkool		Indonesië
Steenkool		Indonesië
Steenkool		Indonesië
Steenkool		Indonesië
Steenkool		Japan
Steenkool		Japan
Steenkool		Japan
Steenkool		Japan
Steenkool		Japan
Steenkool		Maleisië
Steenkool		Maleisië
Steenkool		Marokko
Steenkool		Nederland
Steenkool		Nieuw-Zeeland
Steenkool		Polen
Steenkool		Polen
Steenkool		Polen
Steenkool		Polen
Steenkool		Polen
Steenkool		Rusland
Steenkool		Rusland
Steenkool		Rusland
Steenkool		Singapore
Steenkool		Singapore
Steenkool		Singapore
Steenkool		Singapore
Steenkool		Thailand
Steenkool		Thailand
Steenkool		Thailand
Steenkool		Thailand
Steenkool		Thailand
Steenkool		Verenigde Arabische Emiraten
Steenkool		Verenigde Staten
Steenkool		Verenigde Staten
Steenkool		Verenigde Staten
Steenkool		Verenigde Staten
Steenkool		Verenigde Staten
Steenkool		Verenigde Staten
Steenkool		Verenigde Staten
Steenkool		Verenigde Staten
Steenkool		Verenigde Staten
Steenkool		Verenigde Staten
Steenkool		Verenigde Staten
Steenkool		Verenigde Staten
Steenkool		Verenigde Staten
Steenkool		Verenigde Staten
Steenkool		Verenigde Staten
Steenkool		Verenigde Staten
Steenkool		Verenigde Staten
Steenkool		Verenigd Koninkrijk
Steenkool		Zuid-Afrika
Steenkool		Zuid-Afrika
Steenkool		Zuid-Korea
Steenkool		Zuid-Korea
Steenkool		Zuid-Korea
Steenkool		Zuid-Korea
Steenkool		Zuid-Korea
Steenkool		Zuid-Korea
Steenkool		Zuid-Korea
Tabak		Bangladesh
Tabak		Bosnië en Herzegovina
Tabak		Bulgarije
Tabak		Bulgarije
Tabak		Bulgarije
Tabak		Bulgarije
Tabak		CHINA
Tabak		CHINA
Tabak		Denemarken
Tabak		Egypte
Tabak		FILIPPIJNEN
Tabak		Griekenland
Tabak		Hong Kong
Tabak		Hong Kong
Tabak		HONGKONG
Tabak		India
Tabak		India
Tabak		India
Tabak		India
Tabak		India
Tabak		INDIA
Tabak		Indonesië
Tabak		Indonesië
Tabak		Indonesië
Tabak		Indonesië
Tabak		Indonesië
Tabak		Ivoorkust
Tabak		Japan
Tabak		Jordanië
Tabak		Jordanië
Tabak		Jordanië
Tabak		Keyna
Tabak		Maleisië
Tabak		Oeganda
Tabak		Pakistan
Tabak		Pakistan
Tabak		Pakistan
Tabak		Palestina, Staat
Tabak		Republiek Noord-Macedonië
Tabak		Servië
Tabak		Servië
Tabak		Servië
Tabak		Sri Lanka
Tabak		Tanzania
Tabak		Trinidad en Tobago
Tabak		Tsjechische Republiek
Tabak		Verenigde Staten
Tabak		Verenigde Staten
Tabak		Verenigde Staten
Tabak		Verenigde Staten
Tabak		Verenigde Staten
Tabak		Verenigde Staten
Tabak		Verenigde Staten
Tabak		Verenigde Staten
Tabak		Verenigde Staten
Tabak		Verenigd Koninkrijk
Tabak		Verenigd Koninkrijk
Tabak		Vietnam
Tabak		Zambia
Tabak		Zimbabwe
Tabak		Zuid-Korea
Tabak		Zweden
Teerzand		Britse Maagdeneilanden
Teerzand		Canada
Teerzand		Canada
Teerzand		Canada
Teerzand		Canada
Teerzand		Canada
Teerzand		Canada
Teerzand		Canada
Teerzand		Canada
Teerzand		Canada
Teerzand		CANADA
Teerzand		Japan
Teerzand		Verenigde Staten
Teerzand		Verenigde Staten
Teerzand		Zuid-Korea
Wapens		China
Wapens		Frankrijk
Wapens		Frankrijk
Wapens		Frankrijk
Wapens		India
Wapens		India
Wapens		India
Wapens - Indicatieve AFM-lijst		China
Wapens - Indicatieve AFM-lijst		Zuid-Korea
Wapens - Indicatieve AFM-lijst		Zuid-Korea
Wapens		Italië
Wapens		Nederland
Wapens		Verenigde Staten
Wapens		Verenigde Staten
Wapens		Verenigde Staten
Wapens		Verenigde Staten
Wapens		Verenigde Staten
Wapens		Verenigde Staten
Wapens		Verenigde Staten
Wapens		Verenigde Staten
Wapens		Verenigde Staten
Wapens		Verenigde Staten
Wapens		Verenigde Staten
Wapens		Verenigde Staten
Wapens		Verenigde Staten
Wapens		Verenigde Staten
Wapens		Verenigd Koninkrijk
Wapens		Verenigd Koninkrijk
Wapens		Zuid-Korea
Wapens		Zuid-Korea
