AEROSPACE/DEFENSE	Alcoa Inc.	Verenigde Staten	3329268
AEROSPACE/DEFENSE	BBA Aviation plc	Verenigde Staten	3948761
AEROSPACE/DEFENSE	Bombardier Inc.	Canada	10844415
AEROSPACE/DEFENSE	F-brasile S.P.A.	Italië	966570
AEROSPACE/DEFENSE	Pioneer Holding LLC	Verenigd Koninkrijk	413374
AEROSPACE/DEFENSE	TransDigm Group Incorporated	Verenigde Staten	23484860
AEROSPACE/DEFENSE	Triumph Group, Inc.	Verenigde Staten	2820139
AIRLINES	Air Canada	Canada	1103033
AIRLINES	American Airlines Group Inc.	Verenigde Staten	897299
AIRLINES	Doric Nimrod Air Finance Alpha Limited	Guernsey	17678353
AIRLINES	easyJet plc	Verenigd Koninkrijk	26607566
AIRLINES	Ryanair Holdings plc	Ierland	15680145
AIRLINES	United Continental Holdings, Inc.	Verenigde Staten	668000
AIRLINES	Virgin Australia Holdings Limited	Australië	298851
AIRLINES	Vistajet Group Holding Limited	Zwitserland	569562
AUTOMOTIVE	Acek Desarrollo Y Gestion Industrial SL	Spanje	817917
AUTOMOTIVE	Adient plc	Verenigde Staten	1644564
AUTOMOTIVE	Alfa, S. A. B. de C. V.	Mexico	35415339
AUTOMOTIVE	Bayerische Motoren Werke Aktiengesellschaft	Duitsland	82123354
AUTOMOTIVE	Daimler AG	Duitsland	155947434
AUTOMOTIVE	Delphi Technologies PLC	Verenigde Staten	1285335
AUTOMOTIVE	Faurecia S.A.	Frankrijk	3245284
AUTOMOTIVE	Fiat Chrysler Automobiles N.V.	Verenigd Koninkrijk	8998737
AUTOMOTIVE	Ford Motor Company	Verenigd Koninkrijk	23814223
AUTOMOTIVE	Garrett Motion Inc.	Zwitserland	2795792
AUTOMOTIVE	Geely Automobile Holdings Limited	China	43758253
AUTOMOTIVE	IAA, Inc.	Verenigde Staten	772066
AUTOMOTIVE	INA-Holding Schaeffler GmbH & Co. KG.	Duitsland	3634636
AUTOMOTIVE	J.B. Poindexter & Co., Inc.	Verenigde Staten	3060125
AUTOMOTIVE	KAR Auction Services, Inc.	Verenigde Staten	4017323
AUTOMOTIVE	LKQ Corporation	Verenigde Staten	5962310
AUTOMOTIVE	Melrose Industries PLC	Verenigd Koninkrijk	625342
AUTOMOTIVE	Navistar International Corporation	Verenigde Staten	841433
AUTOMOTIVE	Panther BF Aggregator 2 LP	Verenigde Staten	4912397
AUTOMOTIVE	Porsche Automobil Holding SE	Duitsland	143161038
AUTOMOTIVE	Renault SA	Frankrijk	36542233
AUTOMOTIVE	SK HoldCo LLC	Verenigde Staten	6785894
AUTOMOTIVE	Tata Motors Limited	India	929361
AUTOMOTIVE	Tata Motors Limited	Verenigd Koninkrijk	2813386
AUTOMOTIVE	Tenneco Inc.	Verenigde Staten	788075
AUTOMOTIVE	Tesla, Inc.	Verenigde Staten	2537124
AUTOMOTIVE	Toyota Motor Corporation	Japan	41452049
AUTOMOTIVE	Wabash National Corporation	Verenigde Staten	4725223
AUTOMOTIVE	ZF Friedrichshafen AG	Duitsland	598756
AUTOMOTIVE	Zhejiang Geely Holding Group Co.,Ltd	Zweden	1326999
BANKING	Ally Financial Inc.	Verenigde Staten	9090770
BANKING	Australia and New Zealand Banking Group Limited	Australië	14806906
BANKING	Banco Bilbao Vizcaya Argentaria, S.A.	Mexico	37429069
BANKING	Banco Espírito Santo, S.A.	Portugal	897
BANKING	Bancolombia S.A.	Colombia	43956837
BANKING	Banco Santander, S.A.	Spanje	94280676
BANKING	Bank of America Corporation	Verenigde Staten	67182753
BANKING	Barclays PLC	Verenigd Koninkrijk	52223170
BANKING	BNP Paribas SA	Frankrijk	55718236
BANKING	CIT Group Inc.	Verenigde Staten	1757772
BANKING	Citigroup Inc.	Verenigde Staten	362573
BANKING	Credicorp Ltd.	Peru	21099816
BANKING	Crédit Mutuel Group	Frankrijk	50101412
BANKING	Credit Suisse Group AG	Zwitserland	43702135
BANKING	DBS Group Holdings Ltd	Singapore	39612573
BANKING	Deutsche Bank Aktiengesellschaft	Duitsland	7816163
BANKING	HSBC Holdings plc	Frankrijk	14833087
BANKING	HSBC Holdings plc	Verenigd Koninkrijk	22094163
BANKING	ING Groep N.V.	Nederland	75081031
BANKING	Intesa Sanpaolo S.p.A.	Italië	58929699
BANKING	JPMorgan Chase & Co.	Verenigde Staten	50588369
BANKING	KBC Group NV	België	17691614
BANKING	Lloyds Banking Group plc	Verenigd Koninkrijk	45119257
BANKING	Morgan Stanley	Verenigde Staten	40262516
BANKING	National Australia Bank Limited	Australië	25636434
BANKING	Nordea Bank AB (publ)	Finland	12833871
BANKING	Oversea-Chinese Banking Corporation Limited	Singapore	23382523
BANKING	SAS Rue La Boétie	Frankrijk	70842907
BANKING	Svenska Handelsbanken AB (publ)	Zweden	43660149
BANKING	The Goldman Sachs Group, Inc.	Verenigde Staten	36710320
BANKING	The Royal Bank of Scotland Group plc	Verenigd Koninkrijk	171006
BANKING	UBS Group AG	Zwitserland	15961798
BANKING	UniCredit S.p.A.	Italië	18745349
BANKING	United Overseas Bank Limited	Singapore	36423332
BANKING	Woori Bank Co., Ltd.	Zuid-Korea	54729824
BROKERAGE ASSETMANAGERS EXCHANGES	Hunt Companies, Inc.	Verenigde Staten	6909783
BROKERAGE ASSETMANAGERS EXCHANGES	Jefferies LoanCore LLC	Verenigde Staten	4091760
BROKERAGE ASSETMANAGERS EXCHANGES	Leucadia National Corporation	Verenigde Staten	9598681
BROKERAGE ASSETMANAGERS EXCHANGES	LHC3 plc	Jersey	1920218
BROKERAGE ASSETMANAGERS EXCHANGES	LPL Financial Holdings Inc.	Verenigde Staten	2703093
BROKERAGE ASSETMANAGERS EXCHANGES	NFP Holdings, LLC	Verenigde Staten	6329161
BUILDING MATERIALS	ABC Supply Holding Corp.	Verenigde Staten	4717697
BUILDING MATERIALS	Advanced Drainage Systems, Inc.	Verenigde Staten	291050
BUILDING MATERIALS	American Woodmark Corporation	Verenigde Staten	1273870
BUILDING MATERIALS	Beacon Roofing Supply, Inc.	Verenigde Staten	6047755
BUILDING MATERIALS	BMC Stock Holdings, Inc.	Verenigde Staten	1232809
BUILDING MATERIALS	Builders FirstSource, Inc.	Verenigde Staten	1592437
BUILDING MATERIALS	Cd&R Waterworks Merger Subordinated Llc	Verenigde Staten	1938548
BUILDING MATERIALS	CEMEX, S.A.B. de C.V.	Mexico	47501037
BUILDING MATERIALS	Compagnie de Saint-Gobain S.A.	Frankrijk	29882228
BUILDING MATERIALS	CRH plc	Ierland	22511467
BUILDING MATERIALS	G Holdings Inc.	Verenigde Staten	5073227
BUILDING MATERIALS	Grupo Aldesa SA	Spanje	290157
BUILDING MATERIALS	Grupo Isolux Corsán, S.A.	Spanje	12009
BUILDING MATERIALS	HeidelbergCement AG	Duitsland	42563038
BUILDING MATERIALS	James Hardie Industries plc	Verenigde Staten	4046268
BUILDING MATERIALS	JELD-WEN Holding, inc.	Verenigde Staten	2932024
BUILDING MATERIALS	LafargeHolcim Ltd	Zwitserland	17087256
BUILDING MATERIALS	LSF10 Wolverine Investments S.C.A.	Denemarken	793705
BUILDING MATERIALS	Masonite International Corporation	Verenigde Staten	4330068
BUILDING MATERIALS	New Enterprise Stone & Lime Co., Inc.	Verenigde Staten	3226435
BUILDING MATERIALS	Patrick Industries, Inc.	Verenigde Staten	948445
BUILDING MATERIALS	PGT Innovations, Inc.	Verenigde Staten	734964
BUILDING MATERIALS	PriSo Acquisition Corporation	Verenigde Staten	576541
BUILDING MATERIALS	Summit Inc.	Verenigde Staten	1856096
BUILDING MATERIALS	Titan Cement Company S.A.	Griekenland	2170669
BUILDING MATERIALS	Travis Perkins plc	Verenigd Koninkrijk	579870
BUILDING MATERIALS	U.S. Concrete, Inc.	Verenigde Staten	974068
BUILDING MATERIALS	Victoria plc	Verenigd Koninkrijk	1066217
CABLE SATELLITE	Cablevision Systems Corporation	Verenigde Staten	26332460
CABLE SATELLITE	CFC Group Limited	Verenigd Koninkrijk	1284244
CABLE SATELLITE	Charter Communications, Inc.	Verenigde Staten	35701789
CABLE SATELLITE	DISH Network Corporation	Verenigde Staten	8516223
CABLE SATELLITE	EchoStar Corporation	Verenigde Staten	232382
CABLE SATELLITE	Eutelsat Communications S.A.	Frankrijk	11141962
CABLE SATELLITE	LCPR Senior Secured Financing DAC	Ierland	1473398
CABLE SATELLITE	Les Placements Peladeau, Inc.	Canada	1602629
CABLE SATELLITE	Liberty Global plc	België	2902824
CABLE SATELLITE	Liberty Global plc	Nederland	5142504
CABLE SATELLITE	Liberty Global plc	Verenigd Koninkrijk	22930372
CABLE SATELLITE	Liberty Latin America Ltd.	Chili	28424008
CABLE SATELLITE	Liberty Media Corporation	Verenigde Staten	15923232
CABLE SATELLITE	Loral Space & Communications Inc.	Canada	686970
CABLE SATELLITE	Loral Space & Communications Inc.	Verenigde Staten	436036
CABLE SATELLITE	Maples and Calder (Cayman)	Nederland	588586
CABLE SATELLITE	Midcontinent Media, Inc.	Verenigde Staten	1943618
CABLE SATELLITE	Millicom International Cellular S.A.	Panama	18464222
CABLE SATELLITE	Organizações Globo Participações S.A.	Brazilië	19740699
CABLE SATELLITE	Radiate TopCo	Verenigde Staten	1699334
CABLE SATELLITE	Serafina S.A.	Luxemburg	10173108
CABLE SATELLITE	SES S.A.	Luxemburg	7411670
CABLE SATELLITE	Tele Columbus AG	Duitsland	303634
CABLE SATELLITE	United Group B.V.	Nederland	1923746
CABLE SATELLITE	ViaSat, Inc.	Verenigde Staten	1059181
CABLE SATELLITE	Virgin Media Receivables Financing Notes I Designa	Ierland	6316123
CABLE SATELLITE	Vodafone Group Plc	Nederland	20732409
CHEMICALS	Aruba Investments, Inc.	Verenigde Staten	315609
CHEMICALS	Atotech UK Topco Limited	Duitsland	4224129
CHEMICALS	Axalta Coating Systems Ltd.	Verenigde Staten	5362880
CHEMICALS	Braskem S.A.	Brazilië	75925428
CHEMICALS	CF Industries Holdings, Inc.	Verenigde Staten	1604050
CHEMICALS	Contran Corporation, Inc.	Verenigde Staten	895636
CHEMICALS	Cornerstone Chemical Company	Verenigde Staten	425853
CHEMICALS	Hexion Holdings Corp.	Verenigde Staten	300650
CHEMICALS	Huntsman Corporation	Verenigde Staten	1821822
CHEMICALS	INEOS Limited	Luxemburg	3809960
CHEMICALS	Ingevity Corporation	Verenigde Staten	499122
CHEMICALS	Kraton Corporation	Verenigde Staten	2348568
CHEMICALS	LANXESS Aktiengesellschaft	Duitsland	1265388
CHEMICALS	Linea Ltd.	Zwitserland	20249357
CHEMICALS	Neon Parent, Inc.	Verenigde Staten	2008431
CHEMICALS	Nouryon Cooperatief U.A.	Nederland	3814310
CHEMICALS	Nufarm Limited	Australië	295515
CHEMICALS	OCI N.V.	Nederland	1795738
CHEMICALS	Olin Corporation	Verenigde Staten	462131
CHEMICALS	PhosAgro Bond Funding Limited	Rusland	20744033
CHEMICALS	Platform Specialty Products Corporation	Verenigde Staten	3900104
CHEMICALS	PQ Group Holdings Inc.	Verenigde Staten	3817679
CHEMICALS	PT. Chandra Asri Petrochemical Tbk	Indonesië	22277578
CHEMICALS	Sasol Limited	Zuid-Afrika	45025998
CHEMICALS	SGL Carbon SE	Duitsland	2127102
CHEMICALS	Solvay SA	België	2729905
CHEMICALS	S.P.C.M. SA	Frankrijk	2614704
CHEMICALS	The Chemours Company	Verenigde Staten	3707913
CHEMICALS	TPC Group Inc	Verenigde Staten	897762
CHEMICALS	Trinseo S.A.	Verenigde Staten	898958
CHEMICALS	Tronox Limited	Verenigde Staten	1445577
CHEMICALS	Univar Inc.	Verenigde Staten	876886
CONSTRUCTION MACHINERY	Ahern Rentals Inc.	Verenigde Staten	1012651
CONSTRUCTION MACHINERY	Ashtead Group plc	Verenigd Koninkrijk	151319
CONSTRUCTION MACHINERY	Cloud Crane, LLC	Verenigde Staten	486773
CONSTRUCTION MACHINERY	H&E Equipment Services, Inc.	Verenigde Staten	1985597
CONSTRUCTION MACHINERY	Herc Holdings Inc.	Verenigde Staten	1480051
CONSTRUCTION MACHINERY	Kapla Holding S.A.S.	Frankrijk	698487
CONSTRUCTION MACHINERY	Loxam SAS	Frankrijk	3190003
CONSTRUCTION MACHINERY	Nesco Holdings, Inc.	Verenigde Staten	140283
CONSTRUCTION MACHINERY	Platin 1425. GmbH	Duitsland	643818
CONSTRUCTION MACHINERY	Ritchie Bros. Auctioneers Incorporated	Canada	1912209
CONSTRUCTION MACHINERY	The Manitowoc Company, Inc.	Verenigde Staten	317923
CONSTRUCTION MACHINERY	Titan International, Inc.	Verenigde Staten	2764220
CONSTRUCTION MACHINERY	United Rentals, Inc.	Verenigde Staten	6655172
CONSUMER CYCLICAL SERVICES	ADT INC.	Verenigde Staten	2202421
CONSUMER CYCLICAL SERVICES	Alibaba Group Holding Limited	China	49571329
CONSUMER CYCLICAL SERVICES	Allied Universal	Verenigde Staten	3260443
CONSUMER CYCLICAL SERVICES	APX Group Holdings, Inc.	Verenigde Staten	4799824
CONSUMER CYCLICAL SERVICES	Atalian Holding Development and Strategy S.A.	Frankrijk	1897857
CONSUMER CYCLICAL SERVICES	Bidfair Mergeright Inc.	Verenigde Staten	1282444
CONSUMER CYCLICAL SERVICES	Booking Holdings Inc.	Verenigde Staten	42046386
CONSUMER CYCLICAL SERVICES	Carlson Travel Inc	Verenigde Staten	508429
CONSUMER CYCLICAL SERVICES	Carriage Services, Inc.	Verenigde Staten	1133151
CONSUMER CYCLICAL SERVICES	Elis SA	Frankrijk	6411238
CONSUMER CYCLICAL SERVICES	frontdoor, inc.	Verenigde Staten	977753
CONSUMER CYCLICAL SERVICES	GEO Group, Inc.	Verenigde Staten	984158
CONSUMER CYCLICAL SERVICES	GoDaddy Inc.	Verenigde Staten	902816
CONSUMER CYCLICAL SERVICES	GrubHub Inc.	Verenigde Staten	1177299
CONSUMER CYCLICAL SERVICES	Intertrust N.V.	Nederland	1713194
CONSUMER CYCLICAL SERVICES	Korn/Ferry International	Verenigde Staten	317881
CONSUMER CYCLICAL SERVICES	Matthews International Corporation	Verenigde Staten	484939
CONSUMER CYCLICAL SERVICES	Newmark Group, Inc.	Verenigde Staten	4970567
CONSUMER CYCLICAL SERVICES	On Assignment, Inc.	Verenigde Staten	2168991
CONSUMER CYCLICAL SERVICES	Prime Security Services Borrower, LLC	Verenigde Staten	7610103
CONSUMER CYCLICAL SERVICES	Realogy Holdings Corp.	Verenigde Staten	289961
CONSUMER CYCLICAL SERVICES	Reliance Intermediate Holdings LP	Canada	1430884
CONSUMER CYCLICAL SERVICES	Service Corporation International	Verenigde Staten	1175732
CONSUMER CYCLICAL SERVICES	ServiceMaster Global Holdings, Inc.	Verenigde Staten	1667389
CONSUMER CYCLICAL SERVICES	Staples, Inc.	Verenigde Staten	4729543
CONSUMER CYCLICAL SERVICES	THE HOUSE OF HR NV	België	841610
CONSUMER CYCLICAL SERVICES	Uber Technologies, Inc.	Verenigde Staten	4093753
CONSUMER CYCLICAL SERVICES	Verisure Midholding AB (publ)	Zweden	1721088
CONSUMER CYCLICAL SERVICES	Weight Watchers International, Inc.	Verenigde Staten	594884
CONSUMER PRODUCTS	Avon Products, Inc.	Verenigd Koninkrijk	295789
CONSUMER PRODUCTS	Central Garden & Pet Company	Verenigde Staten	272849
CONSUMER PRODUCTS	Controladora Mabe, S.A. de C.V.	Mexico	29027278
CONSUMER PRODUCTS	Energizer Holdings, Inc.	Verenigde Staten	3962486
CONSUMER PRODUCTS	First Quality Enterprises, Inc.	Verenigde Staten	158281
CONSUMER PRODUCTS	HRG Group, Inc.	Verenigde Staten	6244744
CONSUMER PRODUCTS	International Design Group S.P.A.	Italië	1176692
CONSUMER PRODUCTS	JAB Cosmetics B.V.	Verenigde Staten	3408887
CONSUMER PRODUCTS	Mattel, Inc.	Verenigde Staten	2433450
CONSUMER PRODUCTS	Newell Brands Inc.	Verenigde Staten	3576400
CONSUMER PRODUCTS	Prestige Brands Holdings, Inc.	Verenigde Staten	4749659
CONSUMER PRODUCTS	Tempur Sealy International, Inc.	Verenigde Staten	1569104
CONSUMER PRODUCTS	The Scotts Miracle-Gro Company	Verenigde Staten	1493297
CONSUMER PRODUCTS	Valvoline Inc.	Verenigde Staten	3117275
DIVERSIFIED MANUFACTURING	Actuant Corporation	Verenigde Staten	1128143
DIVERSIFIED MANUFACTURING	Altra Industrial Motion Corp.	Verenigde Staten	1230227
DIVERSIFIED MANUFACTURING	Amsted Industries Incorporated	Verenigde Staten	4226764
DIVERSIFIED MANUFACTURING	Cfx Escrow Corporation	Verenigde Staten	2819406
DIVERSIFIED MANUFACTURING	EnerSys	Verenigde Staten	1213418
DIVERSIFIED MANUFACTURING	EnPro Industries, Inc.	Verenigde Staten	2200301
DIVERSIFIED MANUFACTURING	Foxtrot Escrow Issuer, LLC	Verenigde Staten	1554523
DIVERSIFIED MANUFACTURING	Gates Industrial Corporation plc	Verenigde Staten	3364997
DIVERSIFIED MANUFACTURING	General Electric Company	Verenigde Staten	26010635
DIVERSIFIED MANUFACTURING	Granite Us Holdings Corporation	Verenigde Staten	444200
DIVERSIFIED MANUFACTURING	Griffon Corporation	Verenigde Staten	1649943
DIVERSIFIED MANUFACTURING	Koç Holding Anonim Sirketi	Turkije	41379711
DIVERSIFIED MANUFACTURING	MTS Systems Corporation	Verenigde Staten	761593
DIVERSIFIED MANUFACTURING	Mueller Water Products, Inc.	Verenigde Staten	470731
DIVERSIFIED MANUFACTURING	Nexans S.A.	Frankrijk	1854308
DIVERSIFIED MANUFACTURING	Resideo Technologies, Inc.	Verenigde Staten	1732669
DIVERSIFIED MANUFACTURING	Rexel S.A.	Frankrijk	1899339
DIVERSIFIED MANUFACTURING	Rexnord Corporation	Verenigde Staten	303581
DIVERSIFIED MANUFACTURING	Siemens Aktiengesellschaft	Duitsland	41356944
DIVERSIFIED MANUFACTURING	SPX FLOW, Inc.	Verenigde Staten	486017
DIVERSIFIED MANUFACTURING	Tennant Company	Verenigde Staten	176220
DIVERSIFIED MANUFACTURING	ThyssenKrupp AG	Duitsland	8760174
DIVERSIFIED MANUFACTURING	TriMas Corporation	Verenigde Staten	1461250
DIVERSIFIED MANUFACTURING	Trinity Industries, Inc.	Verenigde Staten	2755305
DIVERSIFIED MANUFACTURING	Türkiye Is Bankasi Anonim Sirketi	Turkije	38722765
DIVERSIFIED MANUFACTURING	USM Holdings Limited	Rusland	23338408
DIVERSIFIED MANUFACTURING	Vertiv Group Corporation	Verenigde Staten	670747
DIVERSIFIED MANUFACTURING	Vertiv Intermediate Holding Corporation	Verenigde Staten	1628787
DIVERSIFIED MANUFACTURING	Welbilt, Inc.	Verenigde Staten	702514
DIVERSIFIED MANUFACTURING	WESCO International, Inc.	Verenigde Staten	125135
DIVERSIFIED MANUFACTURING	Willa MidCo S.a.r.l.	Verenigde Staten	885235
DIVERSIFIED MANUFACTURING	Zekelman Industries Inc.	Verenigde Staten	77729
ELECTRIC	Adani Green Energy Limited	India	26904650
ELECTRIC	Calpine Corporation	Verenigde Staten	8967012
ELECTRIC	Clearway Energy Group LLC	Verenigde Staten	8732073
ELECTRIC	Court Investments Limited	Peru	36584900
ELECTRIC	DK Holding Investments, s.r.o.	Tsjechië	36687398
ELECTRIC	Drax Group plc	Verenigd Koninkrijk	1125147
ELECTRIC	EDP - Energias de Portugal, S.A.	Portugal	56706870
ELECTRIC	Enel Américas S.A.	Chili	42813693
ELECTRIC	Enel SpA	Chili	22804559
ELECTRIC	Enel SpA	Italië	62961562
ELECTRIC	E.ON SE	Duitsland	56941680
ELECTRIC	Iberdrola, S.A.	Spanje	68932630
ELECTRIC	InterGen N.V.	Nederland	1160471
ELECTRIC	Mong Duong Finance Holdings B.V.	Vietnam	31716465
ELECTRIC	National Grid plc	Verenigde Staten	32966124
ELECTRIC	NextEra Energy, Inc.	Verenigde Staten	6001413
ELECTRIC	NRG Energy, Inc.	Verenigde Staten	7637117
ELECTRIC	Orazul Energia (UK) Holdings Ltd	Verenigde Staten	34787888
ELECTRIC	Orion US Holdings 1 L.P.	Verenigde Staten	24994600
ELECTRIC	Pampa Energía S.A.	Argentinië	22149734
ELECTRIC	Pattern Energy Group Inc.	Verenigde Staten	2802375
ELECTRIC	PG&E Corporation	Verenigde Staten	1720035
ELECTRIC	PT Cikarang Listrindo Tbk	Indonesië	37197376
ELECTRIC	ReNew Power Limited	India	23021097
ELECTRIC	Rete Elettrica Nazionale Società per Azioni	Italië	8741378
ELECTRIC	Rio Energy S.A.	Argentinië	8935524
ELECTRIC	Star Energy Geothermal Pte Ltd.	Indonesië	31682909
ELECTRIC	Stoneway Capital Corporation	Argentinië	3675575
ELECTRIC	Talen Energy Corporation	Verenigde Staten	1525835
ELECTRIC	TerraForm Power, Inc.	Verenigde Staten	4321190
ELECTRIC	The AES Corporation	Chili	48743705
ELECTRIC	Vistra Energy Corp.	Verenigde Staten	12191826
ENVIRONMENTAL	Clean Harbors, Inc.	Verenigde Staten	1266121
ENVIRONMENTAL	GFL Environmental Inc.	Canada	4878539
ENVIRONMENTAL	Paprec Holding SA	Frankrijk	1139402
ENVIRONMENTAL	SPIE SAS	Frankrijk	3754252
FINANCE COMPANIES	AerCap Holdings N.V.	Ierland	305451
FINANCE COMPANIES	Aircastle Limited	Verenigde Staten	580046
FINANCE COMPANIES	FLY Leasing Limited	Ierland	622823
FINANCE COMPANIES	Fortress Transportation and Infrastructure Investo	Verenigde Staten	774811
FINANCE COMPANIES	Hainan Traffic Administration Holding Co., Ltd.	Ierland	5299967
FINANCE COMPANIES	Navient Corporation	Verenigde Staten	12267956
FINANCE COMPANIES	OneMain Holdings, Inc.	Verenigde Staten	18902298
FINANCE COMPANIES	Oxford Finance LLC	Verenigde Staten	1965484
FINANCE COMPANIES	Provident Funding Associates, L.P.	Verenigde Staten	2038323
FINANCE COMPANIES	Rock Holdings Inc.	Verenigde Staten	9591735
FINANCIAL OTHER	ADLER Real Estate AG	Duitsland	4061332
FINANCIAL OTHER	Aggregate Holdings S.A.	Duitsland	1132964
FINANCIAL OTHER	Akelius Apartments Ltd.	Zweden	1931016
FINANCIAL OTHER	Arrow Global Group PLC	Verenigd Koninkrijk	1893862
FINANCIAL OTHER	Constructora Andrade Gutierrez SA	Peru	21054420
FINANCIAL OTHER	CPI Property Group S.A.	Tsjechië	47326020
FINANCIAL OTHER	Credit Acceptance Corporation	Verenigde Staten	914484
FINANCIAL OTHER	DEMIRE Deutsche Mittelstand Real Estate AG	Duitsland	1273914
FINANCIAL OTHER	Fairstone Financial Inc.	Canada	806916
FINANCIAL OTHER	Garfunkelux S.A.R.L.	Luxemburg	3330473
FINANCIAL OTHER	Globalworth Real Estate Investment Limited	Roemenië	31703822
FINANCIAL OTHER	Grand City Properties S.A.	Duitsland	1810220
FINANCIAL OTHER	Icahn Enterprises L.P.	Verenigde Staten	7751985
FINANCIAL OTHER	Intrum Justitia AB	Zweden	1239982
FINANCIAL OTHER	Kennedy-Wilson Holdings, Inc.	Verenigde Staten	4027494
FINANCIAL OTHER	Lincoln Financing Holdings Pte Limited	Nederland	2070193
FINANCIAL OTHER	Louvre BidCo SAS	Frankrijk	949859
FINANCIAL OTHER	Vonovia SE	Duitsland	71986699
FINANCIAL OTHER	WMI Holdings Corp.	Verenigde Staten	1370150
FOOD AND BEVERAGE	Adecoagro S.A.	Brazilië	33637884
FOOD AND BEVERAGE	Anheuser-Busch InBev SA/NV	België	109825831
FOOD AND BEVERAGE	Aramark	Verenigde Staten	4966442
FOOD AND BEVERAGE	Bacardi Limited	Bermuda	1816173
FOOD AND BEVERAGE	BevMo Holdings, LLC	Verenigde Staten	2375619
FOOD AND BEVERAGE	B&G Foods, Inc.	Verenigde Staten	2495776
FOOD AND BEVERAGE	Boparan Holdings Limited	Verenigd Koninkrijk	366235
FOOD AND BEVERAGE	Carlsberg A/S	Denemarken	49590237
FOOD AND BEVERAGE	Chobani Global Holdings, Inc.	Verenigde Staten	568714
FOOD AND BEVERAGE	Clearwater Seafoods Incorporated	Canada	216316
FOOD AND BEVERAGE	Coca-Cola European Partners plc	Verenigd Koninkrijk	54707091
FOOD AND BEVERAGE	Cooke Omega Investments Inc.	Canada	619729
FOOD AND BEVERAGE	Cott Corporation	Verenigde Staten	1932820
FOOD AND BEVERAGE	Darling Ingredients Inc.	Verenigde Staten	4416732
FOOD AND BEVERAGE	FAGE International S.A.	Luxemburg	3955247
FOOD AND BEVERAGE	Herbalife Ltd.	Verenigde Staten	343282
FOOD AND BEVERAGE	JBS S.A.	Verenigde Staten	57520132
FOOD AND BEVERAGE	Kernel Holding S.A.	Oekraïne	18127303
FOOD AND BEVERAGE	Lamb Weston Holdings, Inc.	Verenigde Staten	1845720
FOOD AND BEVERAGE	L'Arche Green N.V.	Nederland	35640888
FOOD AND BEVERAGE	Marfrig Global Foods S.A.	Brazilië	43652093
FOOD AND BEVERAGE	MHP SE	Oekraïne	34614065
FOOD AND BEVERAGE	Minerva S.A.	Brazilië	25024135
FOOD AND BEVERAGE	Pepsico, Inc.	Verenigde Staten	14456174
FOOD AND BEVERAGE	Performance Food Group Company	Verenigde Staten	2122693
FOOD AND BEVERAGE	Pernod Ricard SA	Frankrijk	10141898
FOOD AND BEVERAGE	Picard PIKco S.A.	Luxemburg	282325
FOOD AND BEVERAGE	Post Holdings, Inc.	Verenigde Staten	11187083
FOOD AND BEVERAGE	Sigma Holdco BV	Nederland	2873341
FOOD AND BEVERAGE	Sunshine Holding B.V.	Nederland	1123073
FOOD AND BEVERAGE	The Coca-Cola Company	Verenigde Staten	36151740
FOOD AND BEVERAGE	US Foods Holding Corp.	Verenigde Staten	1363019
GAMING	Boyd Gaming Corporation	Verenigde Staten	8603505
GAMING	Caesars Entertainment Corporation	Verenigde Staten	1670638
GAMING	Churchill Downs Incorporated	Verenigde Staten	714240
GAMING	Codere, S.A.	Spanje	427298
GAMING	Eldorado Resorts, Inc.	Verenigde Staten	6362986
GAMING	Gaming and Leisure Properties, Inc.	Verenigde Staten	3357364
GAMING	Gateway Casinos & Entertainment Ltd.	Canada	838447
GAMING	Golden Entertainment, Inc.	Verenigde Staten	959203
GAMING	International Game Technology PLC	Verenigde Staten	9684469
GAMING	Intralot S.A.	Griekenland	423134
GAMING	Jacobs Entertainment Inc.	Verenigde Staten	691568
GAMING	LHMC Finco 2 S.à r.l.	Spanje	1262948
GAMING	MGM Growth Properties LLC	Verenigde Staten	2595860
GAMING	MGM Resorts International	Verenigde Staten	4619533
GAMING	Mohegan Tribal Gaming Authority	Verenigde Staten	2346667
GAMING	Quapaw Tribe Of Oklahoma	Verenigde Staten	546355
GAMING	Red Rock Resorts, Inc.	Verenigde Staten	172146
GAMING	ROCK Parent LLC	Verenigde Staten	414131
GAMING	Safari Holding Verwaltungs GmbH	Luxemburg	789384
GAMING	Scientific Games Corporation	Verenigde Staten	8156774
GAMING	The Enterprise Development Authority	Verenigde Staten	1337429
GAMING	The Stars Group Inc.	Canada	1421545
GAMING	Twin River Worldwide Holdings, Inc.	Verenigde Staten	253031
GAMING	VICI Properties Inc.	Verenigde Staten	2149117
GAMING	William Hill plc	Verenigd Koninkrijk	1870242
GAMING	Wynn Resorts, Limited	Verenigde Staten	7909216
GOVERNMENT GUARANTEE	Banco Nacional de Costa Rica	Costa Rica	30742545
GOVERNMENT GUARANTEE	Dexia SA	Frankrijk	47802489
GOVERNMENT GUARANTEE	KfW	Duitsland	697506617
GOVERNMENT GUARANTEE	Nederlandse Financierings-Maatschappij voor Ontwik	Nederland	42205192
GOVERNMENT RELATED	Republic of Uruguay	Uruguay	20320706
GOVERNMENT RELATED	Tesoreria General De La Republica	Chili	338068868
GOVERNMENT SPONSORED	Bioceanico Sovereign Certificate Ltd	Kaaimaneilanden	27737073
HEALTHCARE	Acadia Healthcare Company, Inc.	Verenigde Staten	4263964
HEALTHCARE	AMN Healthcare Services, Inc.	Verenigde Staten	1920802
HEALTHCARE	ASP AMC Merger Sub, Inc.	Verenigde Staten	978046
HEALTHCARE	Avantor, Inc.	Verenigde Staten	10385001
HEALTHCARE	Charles River Laboratories International, Inc.	Verenigde Staten	2575262
HEALTHCARE	Community Health Systems, Inc.	Verenigde Staten	5045102
HEALTHCARE	Danaher Corporation	Verenigde Staten	21187114
HEALTHCARE	DaVita Inc.	Verenigde Staten	3500545
HEALTHCARE	Encompass Health Corporation	Verenigde Staten	1919262
HEALTHCARE	Envision Healthcare Corporation	Verenigde Staten	1114519
HEALTHCARE	Essilor International Société Anonyme	Frankrijk	14288393
HEALTHCARE	Grifols, S.A.	Spanje	5463875
HEALTHCARE	Halyard Health, Inc.	Verenigde Staten	1987507
HEALTHCARE	HCA Healthcare, Inc.	Verenigde Staten	15623673
HEALTHCARE	Hill-Rom Holdings, Inc.	Verenigde Staten	2345279
HEALTHCARE	Hologic, Inc.	Verenigde Staten	1011372
HEALTHCARE	IQVIA Holdings Inc.	Verenigde Staten	13623114
HEALTHCARE	McKesson Corporation	Verenigde Staten	2281887
HEALTHCARE	MEDNAX, Inc.	Verenigde Staten	410963
HEALTHCARE	Medtronic plc	Verenigde Staten	75333243
HEALTHCARE	Ortho-Clinical Diagnostics, Inc.	Verenigde Staten	856124
HEALTHCARE	PAREXEL International Corporation	Verenigde Staten	832411
HEALTHCARE	Polaris Intermediate Corp. (D/B/A Multiplan)	Verenigde Staten	3498343
HEALTHCARE REITS	Medical Properties Trust, Inc.	Verenigde Staten	7435841
HEALTHCARE	Select Medical Holdings Corporation	Verenigde Staten	3130759
HEALTHCARE	Synlab Limited	Verenigd Koninkrijk	197118
HEALTHCARE	Teleflex Incorporated	Verenigde Staten	1102737
HEALTHCARE	Tenet Healthcare Corporation	Verenigde Staten	23322990
HEALTHCARE	Thermo Fisher Scientific Inc.	Verenigde Staten	50481743
HEALTHCARE	Vizient, Inc.	Verenigde Staten	280259
HEALTH INSURANCE	Centene Corporation	Verenigde Staten	28561870
HEALTH INSURANCE	WellCare Health Plans, Inc.	Verenigde Staten	3978557
HOME CONSTRUCTION	Action Logement group	Frankrijk	12017356
HOME CONSTRUCTION	Beazer Homes USA, Inc.	Verenigde Staten	1603280
HOME CONSTRUCTION	Brookfield Residential Properties Inc.	Canada	957645
HOME CONSTRUCTION	Century Communities, Inc.	Verenigde Staten	1418346
HOME CONSTRUCTION	D.R. Horton, Inc.	Verenigde Staten	1107474
HOME CONSTRUCTION	Great Gulf Group Limited	Verenigde Staten	565801
HOME CONSTRUCTION	J.F. Shea Co., Inc.	Verenigde Staten	1587672
HOME CONSTRUCTION	KB Home	Verenigde Staten	864850
HOME CONSTRUCTION	Lennar Corporation	Verenigde Staten	5448387
HOME CONSTRUCTION	Mattamy Group Corporation	Canada	201255
HOME CONSTRUCTION	Meritage Homes Corporation	Verenigde Staten	4072629
HOME CONSTRUCTION	Miller Modco 2 Limited	Verenigd Koninkrijk	592160
HOME CONSTRUCTION	Taylor Morrison Home Corporation	Verenigde Staten	2857063
HOME CONSTRUCTION	Toll Brothers, Inc.	Verenigde Staten	830534
HOME CONSTRUCTION	TRI Pointe Group, Inc.	Verenigde Staten	3041404
HOME CONSTRUCTION	Weekley Homes LLC	Verenigde Staten	591942
HOME CONSTRUCTION	William Lyon Homes	Verenigde Staten	945160
INDEPENDENT	Antero Resources Corporation	Verenigde Staten	3974974
INDEPENDENT	Arkoma Drilling, L.P.	Verenigde Staten	481222
INDEPENDENT	Ascent Resources, LLC	Verenigde Staten	75739
INDEPENDENT	Bruin E&P Partners, LLC	Verenigde Staten	1727859
INDEPENDENT	California Resources Corporation	Verenigde Staten	1521048
INDEPENDENT	Callon Petroleum Company	Verenigde Staten	7364512
INDEPENDENT	Centennial Resource Development, Inc.	Verenigde Staten	3691739
INDEPENDENT	Chaparral Energy Inc.	Verenigde Staten	485199
INDEPENDENT	Chesapeake Energy Corporation	Verenigde Staten	2447121
INDEPENDENT	CNX Resources Corporation	Verenigde Staten	2646801
INDEPENDENT	CrownQuest Operating, LLC	Verenigde Staten	4893253
INDEPENDENT	Denbury Resources Inc.	Verenigde Staten	3091206
INDEPENDENT	Diamondback Energy, Inc.	Verenigde Staten	741798
INDEPENDENT	Endeavor Energy Resources, LP	Verenigde Staten	2258251
INDEPENDENT	EnQuest PLC	Verenigd Koninkrijk	3356132
INDEPENDENT	EP Energy Corporation	Verenigde Staten	28340
INDEPENDENT	Extraction Oil & Gas, Inc.	Verenigde Staten	687146
INDEPENDENT	Gulfport Energy Corporation	Verenigde Staten	946777
INDEPENDENT	Hilcorp Energy Company LLC	Verenigde Staten	1967627
INDEPENDENT	Indigo Natural Resources LLC	Verenigde Staten	8739562
INDEPENDENT	Jagged Peak Energy Inc.	Verenigde Staten	2061721
INDEPENDENT	Kosmos Energy Ltd.	Ghana	22692578
INDEPENDENT	Laredo Petroleum, Inc.	Verenigde Staten	248519
INDEPENDENT	Legacy Reserves LP	Verenigde Staten	37355
INDEPENDENT	Lonestar Resources US Inc.	Verenigde Staten	246938
INDEPENDENT	Magnolia Oil & Gas Corporation	Verenigde Staten	409474
INDEPENDENT	Matador Resources Company	Verenigde Staten	3470941
INDEPENDENT	MEG Energy Corp.	Canada	1755451
INDEPENDENT	Murphy Oil Corporation	Verenigde Staten	4095088
INDEPENDENT	Oasis Petroleum Inc.	Verenigde Staten	1163109
INDEPENDENT	Parsley Energy, Inc.	Verenigde Staten	6474621
INDEPENDENT	PDC Energy, Inc.	Verenigde Staten	4659751
INDEPENDENT	QEP Resources, Inc.	Verenigde Staten	2281421
INDEPENDENT	Range Resources Corporation	Verenigde Staten	3256168
INDEPENDENT	Sanchez Energy Corporation	Verenigde Staten	148237
INDEPENDENT	Seven Generations Energy Ltd.	Canada	945632
INDEPENDENT	SM Energy Company	Verenigde Staten	5984733
INDEPENDENT	Southwestern Energy Company	Verenigde Staten	1087440
INDEPENDENT	SRC Energy Inc.	Verenigde Staten	1542112
INDEPENDENT	Surge Energy US Holdings Company	Verenigde Staten	1222689
INDEPENDENT	Tullow Oil plc	Ghana	28454944
INDEPENDENT	Unit Corporation	Verenigde Staten	3345218
INDEPENDENT	Vine Resources Inc.	Verenigde Staten	1052165
INDEPENDENT	Whiting Petroleum Corporation	Verenigde Staten	998711
INDEPENDENT	WPX Energy, Inc.	Verenigde Staten	5503543
INDUSTRIAL OTHER	Alfa, S. A. B. de C. V.	Mexico	33102206
INDUSTRIAL OTHER	Algeco Investments B.V.	Verenigd Koninkrijk	601676
INDUSTRIAL OTHER	Algeco/Scotsman Holding S.à r.l.	Verenigd Koninkrijk	2668612
INDUSTRIAL OTHER	Anixter International Inc.	Verenigde Staten	1979403
INDUSTRIAL OTHER	Arabian Centres Sukuk Limited	Saoedi-Arabië	28688606
INDUSTRIAL OTHER	Blitz F18-674 Gmbh	Duitsland	1513912
INDUSTRIAL OTHER	Brand Energy & Infrastructure Services, Inc.	Verenigde Staten	1047405
INDUSTRIAL OTHER	CK Hutchison Holdings Limited	Verenigd Koninkrijk	134252142
INDUSTRIAL OTHER	CK Hutchison International (19) (II) Limited	Verenigd Koninkrijk	13690927
INDUSTRIAL OTHER	Cleaver-Brooks, Inc.	Verenigde Staten	3764236
INDUSTRIAL OTHER	CSVC Acquisition Corp.	Verenigde Staten	526687
INDUSTRIAL OTHER	Five Point Holdings, LLC	Verenigde Staten	245607
INDUSTRIAL OTHER	Fondy Bydleni 3 S.à r.l.	Tsjechië	30623596
INDUSTRIAL OTHER	Galapagos Holding S.A.	Luxemburg	260463
INDUSTRIAL OTHER	Great Lakes Dredge & Dock Corporation	Verenigde Staten	6285434
INDUSTRIAL OTHER	Greystar Real Estate Partners, LLC	Verenigde Staten	3290455
INDUSTRIAL OTHER	Installed Building Products, Inc.	Verenigde Staten	563604
INDUSTRIAL OTHER	M&F Worldwide Corp.	Verenigde Staten	1654773
INDUSTRIAL OTHER	Park-Ohio Holdings Corp.	Verenigde Staten	459966
INDUSTRIAL OTHER	Salini Costruttori S.p.A.	Italië	314544
INDUSTRIAL OTHER	Swire Pacific Limited	Hongkong	50883795
INDUSTRIAL OTHER	The Howard Hughes Corporation	Verenigde Staten	510988
INDUSTRIAL OTHER	TopBuild Corp.	Verenigde Staten	626560
INDUSTRIAL OTHER	Top Frontier Investment Holdings, Inc.	Filipijnen	32097997
INDUSTRIAL OTHER	Varkey Group Limited	Verenigde Arabische Emiraten	30624659
INDUSTRIAL OTHER	WillScot Corporation	Verenigde Staten	5111396
INTEGRATED	BP p.l.c.	Verenigd Koninkrijk	99512620
INTEGRATED	Eni S.p.A.	Italië	8432912
INTEGRATED	OMV Aktiengesellschaft	Oostenrijk	36858197
INTEGRATED	PJSC LUKOIL	Rusland	27786795
INTEGRATED	Reliance Industries Limited	India	48957030
INTEGRATED	Repsol, S.A.	Spanje	4814829
INTEGRATED	Royal Dutch Shell plc	Nederland	22788357
INTEGRATED	TOTAL S.A.	Frankrijk	112300324
LEISURE	Boyne USA, Inc.	Verenigde Staten	1735661
LEISURE	Cedar Fair, L.P.	Verenigde Staten	1996418
LEISURE	Cinemark Holdings, Inc.	Verenigde Staten	1021439
LEISURE	Dalian Hexing Investment Co., Ltd.	Verenigde Staten	5481365
LEISURE	Live Nation Entertainment, Inc.	Verenigde Staten	4130111
LEISURE	LTF Holdings, Inc.	Verenigde Staten	4252561
LEISURE	Merlin Entertainments plc	Verenigd Koninkrijk	1752587
LEISURE	Motion Bondco Designated Activity Company	Verenigd Koninkrijk	239609
LEISURE	Norwegian Cruise Line Holdings Ltd.	Bermuda	301628
LEISURE	Pinnacle Bidco PLC	Verenigd Koninkrijk	1648239
LEISURE	Royal Caribbean Cruises Ltd.	Verenigde Staten	80792
LEISURE	Sonic Financial Corporation	Verenigde Staten	303945
LEISURE	Viking Cruises, Ltd.	Verenigde Staten	2352896
LEISURE	VOC Escrow Ltd	Verenigde Staten	1821886
LIFE	Allianz SE	Duitsland	71756525
LIFE	American Equity Investment Life Holding Company	Verenigde Staten	2635388
LIFE	Assicurazioni Generali S.p.A.	Italië	19059118
LIFE	AXA SA	Frankrijk	51929313
LIFE	CNO Financial Group, Inc.	Verenigde Staten	1888503
LIFE	FGL Holdings	Verenigde Staten	8058807
LIFE	Genworth Financial, Inc.	Verenigde Staten	1728071
LOCAL AUTHORITIES	Buenos Aires (Province of)	Argentinië	12724511
LOCAL AUTHORITIES	Freie Hansestadt Bremen (Stadtgemeinde)	Duitsland	590522499
LOCAL AUTHORITIES	Hesse (State of)	Duitsland	49505240
LOCAL AUTHORITIES	KommuneKredit	Denemarken	19651826
LOCAL AUTHORITIES	Lower Saxony (State of)	Duitsland	370946325
LOCAL AUTHORITIES	Municipality Finance PLC	Finland	38247273
LOCAL AUTHORITIES	North Rhine-Westphalia (State of)	Duitsland	73886773
LOCAL AUTHORITIES	NRW.BANK	Duitsland	137789678
LOCAL AUTHORITIES	Région Ile-de-France	Frankrijk	30783803
LODGING	Hilton Worldwide Holdings Inc.	Verenigde Staten	1513252
LODGING	Jin Jiang International (Holdings) Co., Ltd.	België	2115969
LODGING	Marriott Vacations Worldwide Corporation	Verenigde Staten	293845
LODGING	Target Hospitality Corp.	Verenigde Staten	200794
LODGING	Wyndham Worldwide Corporation	Verenigde Staten	447831
MEDIA ENTERTAINMENT	Access Industries, Inc.	Verenigde Staten	1051650
MEDIA ENTERTAINMENT	AMC Networks Inc.	Verenigde Staten	796860
MEDIA ENTERTAINMENT	Arqiva Broadcast Parent Limited	Verenigd Koninkrijk	1493377
MEDIA ENTERTAINMENT	Cengage Learning Holdings II, Inc.	Verenigde Staten	4513212
MEDIA ENTERTAINMENT	Clear Channel Outdoor Holdings, Inc.	Verenigde Staten	7896425
MEDIA ENTERTAINMENT	Digi Communications N.V.	Roemenië	32694375
MEDIA ENTERTAINMENT	Graham Holdings Company	Verenigde Staten	1672669
MEDIA ENTERTAINMENT	Gray Television, Inc.	Verenigde Staten	4139681
MEDIA ENTERTAINMENT	Houghton Mifflin Harcourt Company	Verenigde Staten	1883125
MEDIA ENTERTAINMENT	IAC/InterActiveCorp	Verenigde Staten	5589275
MEDIA ENTERTAINMENT	iHeartMedia, Inc.	Verenigde Staten	8976714
MEDIA ENTERTAINMENT	Lamar Advertising Company (REIT)	Verenigde Staten	1376752
MEDIA ENTERTAINMENT	Lions Gate Entertainment Corp.	Verenigde Staten	1740182
MEDIA ENTERTAINMENT	McGraw-Hill Education, Inc.	Verenigde Staten	4628091
MEDIA ENTERTAINMENT	MDC Partners Inc.	Verenigde Staten	1442895
MEDIA ENTERTAINMENT	Naspers Limited	China	37298479
MEDIA ENTERTAINMENT	Netflix, Inc.	Verenigde Staten	26915068
MEDIA ENTERTAINMENT	Nexstar Media Group, Inc.	Verenigde Staten	1546608
MEDIA ENTERTAINMENT	Nielsen Holdings plc	Verenigde Staten	6512318
MEDIA ENTERTAINMENT	Outfront Media Inc.	Verenigde Staten	3813889
MEDIA ENTERTAINMENT	Pinewood Finance Ltd.	Verenigd Koninkrijk	1245920
MEDIA ENTERTAINMENT	Salem Media Group, Inc.	Verenigde Staten	309404
MEDIA ENTERTAINMENT	Scripps Escrow Inc.	Verenigde Staten	719585
MEDIA ENTERTAINMENT	Sinclair Broadcast Group, Inc.	Verenigde Staten	6103067
MEDIA ENTERTAINMENT	Summer (BC) Holdco A S.a r.l	Luxemburg	952420
MEDIA ENTERTAINMENT	Summer (BC) Lux Consolidator S.C.A.	Luxemburg	1839560
MEDIA ENTERTAINMENT	TEGNA Inc.	Verenigde Staten	2067701
MEDIA ENTERTAINMENT	Terrier Media Buyer, Inc.	Verenigde Staten	308929
MEDIA ENTERTAINMENT	The E. W. Scripps Company	Verenigde Staten	458633
MEDIA ENTERTAINMENT	Townsquare Media, Inc.	Verenigde Staten	766023
MEDIA ENTERTAINMENT	Twitter, Inc.	Verenigde Staten	1154972
MEDIA ENTERTAINMENT	Univision Holdings, Inc.	Verenigde Staten	1034969
METALS AND MINING	Aip/Mc Holdings LLC	Verenigde Staten	6016442
METALS AND MINING	Alcoa Corporation	Verenigde Staten	8504444
METALS AND MINING	Aleris Corporation	Verenigde Staten	466440
METALS AND MINING	Allegheny Technologies Incorporated	Verenigde Staten	588509
METALS AND MINING	BHP Group	Australië	38269557
METALS AND MINING	Big River Steel LLC	Verenigde Staten	4586845
METALS AND MINING	Cleveland-Cliffs Inc.	Verenigde Staten	1657129
METALS AND MINING	Cloud Peak Energy Inc.	Verenigde Staten	103721
METALS AND MINING	Coeur Mining, Inc.	Verenigde Staten	375103
METALS AND MINING	Commercial Metals Company	Verenigde Staten	434183
METALS AND MINING	Compass Minerals International, Inc.	Verenigde Staten	2302920
METALS AND MINING	CONSOL Energy Inc.	Verenigde Staten	176465
METALS AND MINING	Constellium N.V	Verenigde Staten	8134706
METALS AND MINING	First Quantum Minerals Ltd.	Zambia	33466189
METALS AND MINING	Fletcher Group Holdings Limited	Rusland	29821338
METALS AND MINING	Fortescue Metals Group Limited	Australië	578521
METALS AND MINING	Freeport-McMoRan Inc.	Verenigde Staten	14802711
METALS AND MINING	Glencore Plc	Zwitserland	53149458
METALS AND MINING	Grupo México, S.A.B. de C.V.	Peru	61133520
METALS AND MINING	Harsco Corporation	Verenigde Staten	4556987
METALS AND MINING	Hecla Mining Company	Verenigde Staten	205949
METALS AND MINING	Hindalco Industries Limited	Verenigde Staten	8566110
METALS AND MINING	Hudbay Minerals Inc.	Canada	4650580
METALS AND MINING	IAMGOLD Corporation	Canada	196220
METALS AND MINING	Indika Energy Capital Pte. Ltd.	Indonesië	18900504
METALS AND MINING	Kaiser Aluminum Corporation	Verenigde Staten	2143297
METALS AND MINING	Kinross Gold Corporation	Canada	317318
METALS AND MINING	Mineral Resources Limited	Australië	1093291
METALS AND MINING	Mirabela Nickel Ltd.	Australië	187584
METALS AND MINING	Mountain Province Diamonds Inc.	Canada	305767
METALS AND MINING	Murray Energy Corporation	Verenigde Staten	21188
METALS AND MINING	Northwest Acquisitions ULC	Verenigde Staten	212223
METALS AND MINING	PAO Severstal	Rusland	34515832
METALS AND MINING	Press Metal Aluminium Holdings Berhad	Maleisië	26065643
METALS AND MINING	PT Adaro Energy Tbk	Indonesië	35406088
METALS AND MINING	PT. Indika Energy Tbk	Indonesië	16681134
METALS AND MINING	Steel Dynamics, Inc.	Verenigde Staten	357397
METALS AND MINING	Taseko Mines Limited	Canada	1025142
METALS AND MINING	The Energy & Minerals Group	Canada	447552
METALS AND MINING	TMS International Corp.	Verenigde Staten	328743
METALS AND MINING	United States Steel Corporation	Verenigde Staten	1341533
METALS AND MINING	Vallourec SA	Frankrijk	805981
METALS AND MINING	Warrior Met Coal, Inc.	Verenigde Staten	236795
MIDSTREAM	American Midstream Partners, LP	Verenigde Staten	6547361
MIDSTREAM	Antero Midstream GP LP	Verenigde Staten	4967797
MIDSTREAM	Cheniere Energy Partners, L.P.	Verenigde Staten	4196444
MIDSTREAM	Crestwood Equity Partners LP	Verenigde Staten	4547021
MIDSTREAM	DCP Midstream, LP	Verenigde Staten	7763095
MIDSTREAM	Delek US Holdings, Inc.	Verenigde Staten	552099
MIDSTREAM	Enagás, S.A.	Verenigde Staten	2129922
MIDSTREAM	Energy Transfer Equity, L.P.	Verenigde Staten	7263304
MIDSTREAM	EnLink Midstream, LLC	Verenigde Staten	3218833
MIDSTREAM	Fermaca Global LP	Mexico	30290929
MIDSTREAM	Ferrellgas Partners, L.P.	Verenigde Staten	227702
MIDSTREAM	Global Partners LP	Verenigde Staten	1986707
MIDSTREAM	GNL Quintero S.A.	Chili	43318998
MIDSTREAM	Hess Midstream Partners LP	Verenigde Staten	2232559
MIDSTREAM	HollyFrontier Corporation	Verenigde Staten	2818143
MIDSTREAM	Kinder Morgan, Inc.	Verenigde Staten	1336266
MIDSTREAM	Niska Gas Storage Partners L.P.	Canada	2221745
MIDSTREAM	NuStar Energy L.P.	Verenigde Staten	5323309
MIDSTREAM	Occidental Petroleum Corporation	Verenigde Staten	1554074
MIDSTREAM	PBF Logistics LP	Verenigde Staten	887363
MIDSTREAM	Plains All American Pipeline, L.P.	Verenigde Staten	1798596
MIDSTREAM	Puma Energy Holdings Pte Ltd.	Singapore	32610916
MIDSTREAM	Suburban Propane Partners, L.P.	Verenigde Staten	7289624
MIDSTREAM	Summit Midstream Partners, LP	Verenigde Staten	3327466
MIDSTREAM	Sunoco LP	Verenigde Staten	5016925
MIDSTREAM	Superior Plus Corp.	Canada	2690637
MIDSTREAM	Tallgrass Energy GP, LP	Verenigde Staten	2484020
MIDSTREAM	Targa Resources Corp.	Verenigde Staten	15660566
MIDSTREAM	The Williams Companies, Inc.	Verenigde Staten	145118
MIDSTREAM	TLP Acquisition Holdings LLC	Verenigde Staten	2453751
MIDSTREAM	Transportadora de Gas del Perú S.A.	Peru	24919311
MIDSTREAM	UGI Corporation	Verenigde Staten	5911356
MIDSTREAM	Vier Gas Services GMBH & Co. KG	Duitsland	11478319
MTG NON PFANDBRIEFE	Danske Bank A/S	Denemarken	110841901
MTG NON PFANDBRIEFE	Lloyds Banking Group plc	Verenigd Koninkrijk	99440810
NATURAL GAS	Energeticky a Prumyslovy Holding, a.s.	Tsjechië	37063196
NATURAL GAS	ENGIE SA	Frankrijk	76603118
NATURAL GAS	Gas Natural SDG, S.A.	Spanje	16832629
NATURAL GAS	Italgas S.p.A.	Italië	10995330
NATURAL GAS	Snam S.p.A.	Italië	8111052
NON AGENCY CMBS	Intertrust N.V.	Verenigd Koninkrijk	724438
NON AGENCY CMBS	Tesco Blue (Gp) Limited	Verenigd Koninkrijk	1572479
Not specified	Energuate Trust	Guatemala	32205374
Not specified	Genneia S.A.	Argentinië	17015049
Not specified	Groupe Ecore Luxembourg SAS	Luxemburg	477007
Not specified	Inn Of The Mountain Gods Resort & Casino	Verenigde Staten	37632
Not specified	Intercorp Peru Ltd.	Peru	23675442
Not specified	K2016470219 (SOUTH AFRICA) Ltd	Zuid-Afrika	6345
Not specified	K2016470260 (SOUTH AFRICA) Ltd	Zuid-Afrika	292
Not specified	LMIRT Capital Pte. Ltd.	Singapore	18563872
Not specified	Myt Holding Co.	Verenigde Staten	54108
Not specified	NMC Health Plc	Verenigde Arabische Emiraten	28793683
Not specified	Parker Drilling Company	Verenigde Staten	251175
Not specified	Tupy S.A.	Brazilië	24650931
OFFICE REITS	Icade	Frankrijk	7031786
OIL FIELD SERVICES	Apergy Corporation	Verenigde Staten	2123747
OIL FIELD SERVICES	Archrock, Inc.	Verenigde Staten	2275874
OIL FIELD SERVICES	Basic Energy Services, Inc.	Verenigde Staten	1000039
OIL FIELD SERVICES	Calfrac Well Services Ltd.	Canada	457964
OIL FIELD SERVICES	Ensco plc	Verenigde Staten	474555
OIL FIELD SERVICES	Ensign Energy Services Inc.	Canada	1144852
OIL FIELD SERVICES	Exterran Corporation	Verenigde Staten	5247716
OIL FIELD SERVICES	FTS International, Inc.	Verenigde Staten	760374
OIL FIELD SERVICES	KCAD Holdings I Limited	Verenigd Koninkrijk	313672
OIL FIELD SERVICES	Loews Corporation	Verenigde Staten	1977832
OIL FIELD SERVICES	McDermott International, Inc.	Verenigde Staten	28610
OIL FIELD SERVICES	MV24 Capital BV	Brazilië	40936336
OIL FIELD SERVICES	Nabors Industries Ltd.	Verenigde Staten	4109919
OIL FIELD SERVICES	Nine Energy Service, Inc.	Verenigde Staten	260316
OIL FIELD SERVICES	Noble Corporation plc	Verenigde Staten	991370
OIL FIELD SERVICES	Precision Drilling Corporation	Canada	1150694
OIL FIELD SERVICES	Saipem S.p.A.	Italië	672896
OIL FIELD SERVICES	Superior Energy Services, Inc.	Verenigde Staten	1188886
OIL FIELD SERVICES	Transocean Ltd.	Verenigde Staten	8541765
OIL FIELD SERVICES	USA Compression Partners, LP	Verenigde Staten	3175304
OIL FIELD SERVICES	Weatherford International plc	Ierland	71825
OTHER REITS	ESH Hospitality, Inc.	Verenigde Staten	2259821
OTHER REITS	Fibra UNO	Mexico	25695698
OTHER REITS	Hannon Armstrong Sustainable Infra Capital, Inc.	Verenigde Staten	900303
OTHER REITS	Ladder Capital Corp	Verenigde Staten	1318767
OTHER REITS	Majid Al Futtaim Capital LLC	Verenigde Arabische Emiraten	57575374
OTHER REITS	RLJ Lodging Trust	Verenigde Staten	896943
OTHER REITS	Ryman Hospitality Properties, Inc.	Verenigde Staten	95688
OWNED NO GUARANTEE	Abu Dhabi Power Corp	Verenigde Arabische Emiraten	40029444
OWNED NO GUARANTEE	Bulgarian Energy Holding EAD	Bulgarije	18376893
OWNED NO GUARANTEE	Comisión Federal De Electricidad	Mexico	2864411
OWNED NO GUARANTEE	Conyers Trust Company (Cayman) Limited	Verenigde Arabische Emiraten	68646741
OWNED NO GUARANTEE	Eskom Holdings SOC Ltd	Zuid-Afrika	19795263
OWNED NO GUARANTEE	Indian Railway Finance Corporation Limited	India	28030600
OWNED NO GUARANTEE	Industrial and Commercial Bank of China Limited	China	10637796
OWNED NO GUARANTEE	Industrial and Commercial Bank of China Limited	Hongkong	16637340
OWNED NO GUARANTEE	Israel Electric Corporation Limited	Israël	39867763
OWNED NO GUARANTEE	McLaren Group Ltd.	Verenigd Koninkrijk	298360
OWNED NO GUARANTEE	Nederlandse Waterschapsbank N.V.	Nederland	41671258
OWNED NO GUARANTEE	NOVA Chemicals Corporation	Canada	2214056
OWNED NO GUARANTEE	NTPC Limited	India	40191383
OWNED NO GUARANTEE	Orano Société anonyme	Frankrijk	7074148
OWNED NO GUARANTEE	Persero PT Perusahaan Listrik Negara	Indonesië	40320923
OWNED NO GUARANTEE	Petróleo Brasileiro S.A. - Petrobras	Brazilië	82944756
OWNED NO GUARANTEE	Petróleos Mexicanos S.A. de C.V.	Mexico	50635606
OWNED NO GUARANTEE	Petroliam Nasional Berhad	Maleisië	54080638
OWNED NO GUARANTEE	Power Finance Corporation Limited	India	35630295
OWNED NO GUARANTEE	PT Pelabuhan Indonesia III (Persero)	Indonesië	32681140
OWNED NO GUARANTEE	Public Joint Stock Company Gazprom	Rusland	69616838
OWNED NO GUARANTEE	Qatar Gas Transport Company Ltd	Qatar	48687218
OWNED NO GUARANTEE	Qatar Petroleum	Qatar	49249125
OWNED NO GUARANTEE	Régie Autonome des Transports Parisiens	Frankrijk	44207056
OWNED NO GUARANTEE	Royal Schiphol Group N.V.	Nederland	9247876
OWNED NO GUARANTEE	Saudi Arabia	Saoedi-Arabië	11199065
OWNED NO GUARANTEE	Slovenský plynárenský priemysel, a. s.	Slowakije	8407059
OWNED NO GUARANTEE	Société du Grand Paris	Frankrijk	156904335
OWNED NO GUARANTEE	State Grid Corporation of China	China	51036559
OWNED NO GUARANTEE	Tabreed Sukuk SPC Limited	Verenigde Arabische Emiraten	37414787
OWNED NO GUARANTEE	TenneT Holding B.V.	Nederland	2617625
OWNED NO GUARANTEE	YPF Sociedad Anonima	Argentinië	35799183
PACKAGING	ARD Holdings S.A.	Ierland	19683446
PACKAGING	Ball Corporation	Verenigde Staten	7753596
PACKAGING	Berry Global Group, Inc.	Verenigde Staten	8738017
PACKAGING	BWAY Parent Company, Inc.	Verenigde Staten	5389758
PACKAGING	Crown Holdings, Inc.	Verenigde Staten	7981689
PACKAGING	Flex Acquisition Holdings, Inc.	Verenigde Staten	2126365
PACKAGING	Greif, Inc.	Verenigde Staten	675121
PACKAGING	Intertape Polymer Group Inc.	Canada	2150546
PACKAGING	Owens-Illinois, Inc.	Verenigde Staten	9307565
PACKAGING	Packaging Holdings Limited	Verenigde Staten	16082342
PACKAGING	Plastipak Holdings, Inc.	Verenigde Staten	227656
PACKAGING	Pro-Gest S.p.A.	Italië	546078
PACKAGING	Sealed Air Corporation	Verenigde Staten	3337178
PACKAGING	Silgan Holdings Inc.	Verenigde Staten	3277749
PACKAGING	Trident TPI Holdings, Inc.	Verenigde Staten	754335
PACKAGING	Trivium Packaging B.V.	Nederland	4365987
PAPER	Cascades Inc.	Canada	383523
PAPER	Graphic Packaging Holding Company	Verenigde Staten	304889
PAPER	JH Holding GmbH	Duitsland	774672
PAPER	Klabin S.A.	Brazilië	32197298
PAPER	Mercer International Inc.	Duitsland	890307
PAPER	Northwest Hardwoods, Inc.	Verenigde Staten	197309
PAPER	Sappi Limited	Zuid-Afrika	1659219
PAPER	Smurfit Kappa Group plc	Ierland	3255623
PAPER	Stora Enso Oyj	Finland	184046
PAPER	Suzano Papel e Celulose S.A.	Brazilië	49586338
PAPER	WEPA Industrieholding SE	Duitsland	434268
P&C	Acrisure Holdings, Inc.	Verenigde Staten	2677912
P&C	Alliant Holdings, L.P.	Verenigde Staten	2657927
P&C	American Wholesale Insurance Holding Company, LLC	Verenigde Staten	3738616
P&C	Ap Finance Gtcr Inc	Verenigde Staten	234035
P&C	Assurant, Inc.	Verenigde Staten	1337864
P&C	AssuredPartners, Inc.	Verenigde Staten	600803
P&C	HPS Investment Partners, LLC	Verenigd Koninkrijk	2232073
P&C	Hub Holdings LLC	Verenigde Staten	3903432
P&C	MGIC Investment Corporation	Verenigde Staten	209235
P&C	Radian Group Inc.	Verenigde Staten	1857561
P&C	USIS Merger Subordinated Inc.	Verenigde Staten	4939333
PHARMACEUTICALS	Bayer Aktiengesellschaft	Duitsland	40906617
PHARMACEUTICALS	Catalent, Inc.	Verenigde Staten	5999015
PHARMACEUTICALS	Eagle Holding Company II, LLC	Verenigde Staten	2709245
PHARMACEUTICALS	E. Merck KG	Duitsland	27168652
PHARMACEUTICALS	Endo International plc	Verenigde Staten	11061371
PHARMACEUTICALS	Horizon Pharma Public Limited Company	Verenigde Staten	821034
PHARMACEUTICALS	IGT Holding IV AB	Italië	1484188
PHARMACEUTICALS	Jaguar Holding Company I	Verenigde Staten	2843803
PHARMACEUTICALS	Mallinckrodt public limited company	Verenigde Staten	338516
PHARMACEUTICALS	Merck & Co., Inc.	Verenigde Staten	22766103
PHARMACEUTICALS	Nidda Healthcare Holding AG	Luxemburg	3333007
PHARMACEUTICALS	Novartis AG	Zwitserland	9177823
PHARMACEUTICALS	Sanofi	Frankrijk	35505975
PHARMACEUTICALS	Teva Pharmaceutical Industries Limited	Israël	34132806
PHARMACEUTICALS	Valeant Pharmaceuticals International, Inc.	Verenigde Staten	37935956
RAILROADS	Getlink	Frankrijk	179610
REFINING	Cosan Limited	Brazilië	38908662
REFINING	Koç Holding Anonim Sirketi	Turkije	32701000
REFINING	Parkland Fuel Corporation	Canada	1510764
RESTAURANTS	Arcos Dorados Holdings Inc.	Brazilië	29717548
RESTAURANTS	Ei Group plc	Verenigd Koninkrijk	1141713
RESTAURANTS	Fertitta Entertainment, Inc.	Verenigde Staten	5204851
RESTAURANTS	Inspire Brands, Inc.	Verenigde Staten	3364502
RESTAURANTS	Nathan's Famous, Inc.	Verenigde Staten	2489953
RESTAURANTS	Restaurant Brands International Inc.	Canada	9523231
RESTAURANTS	Stonegate Pub Company Limited	Verenigd Koninkrijk	1321881
RESTAURANTS	Tasty Bondco 1 S.A.U.	Spanje	894888
RESTAURANTS	Yum! Brands, Inc.	Verenigde Staten	5193854
RETAILERS	BC Partners	Verenigde Staten	5182823
RETAILERS	Carvana Co.	Verenigde Staten	579772
RETAILERS	Dufry AG	Zwitserland	2156396
RETAILERS	Dutch Lion Coöperatief U.A.	Nederland	822186
RETAILERS	Eagle Super Global Holding B.V.	China	357570
RETAILERS	EG Group Limited	Verenigd Koninkrijk	6377731
RETAILERS	FirstCash, Inc.	Verenigde Staten	193034
RETAILERS	Hanesbrands Inc.	Verenigde Staten	3335249
RETAILERS	J. C. Penney Company, Inc.	Verenigde Staten	489546
RETAILERS	Kirk Beauty S.à r.l.	Duitsland	515950
RETAILERS	L Brands, Inc.	Verenigde Staten	2831199
RETAILERS	Lithia Motors, Inc.	Verenigde Staten	2543506
RETAILERS	Murphy USA Inc.	Verenigde Staten	596283
RETAILERS	Neiman Marcus Group, Inc.	Verenigde Staten	105577
RETAILERS	Party City Holdco Inc.	Verenigde Staten	1088371
RETAILERS	Penske Automotive Group, Inc.	Verenigde Staten	1550599
RETAILERS	PrestigeBidCo Holding GmbH	Duitsland	507581
RETAILERS	Rite Aid Corporation	Verenigde Staten	280937
RETAILERS	Shop Direct Holdings Limited	Verenigd Koninkrijk	891948
RETAILERS	Sonic Automotive, Inc.	Verenigde Staten	452971
RETAILERS	Takko Fashion S.a r.l.	Duitsland	437153
RETAILERS	Wolverine World Wide, Inc.	Verenigde Staten	1053707
RETAIL REITS	NE Property Cooperatief U.A.	Roemenië	45368561
RETAIL REITS	Unibail-Rodamco SE	Frankrijk	8252779
SOVEREIGN	Dominican Republic	Dominicaanse Republiek	20204518
SUPERMARKETS	Albertsons Investor Holdings LLC	Verenigde Staten	5181653
SUPERMARKETS	Carrefour SA	Frankrijk	25165508
SUPERMARKETS	Casino, Guichard-Perrachon Société Anonyme	Frankrijk	6540427
SUPERMARKETS	Co-operative Group Limited	Verenigd Koninkrijk	1164062
SUPERMARKETS	C&S Wholesale Grocers, Inc.	Verenigde Staten	2190648
SUPERMARKETS	Ingles Markets, Incorporated	Verenigde Staten	118347
SUPERMARKETS	KeHe Distributors Holdings LLC	Verenigde Staten	2467851
SUPERMARKETS	Koninklijke Ahold Delhaize N.V.	Nederland	38902828
SUPERMARKETS	Letterone Investment Holdings S.A.	Spanje	432368
SUPERMARKETS	Tesco PLC	Verenigd Koninkrijk	20766385
SUPRANATIONAL	African Development Bank	Supranationaal	48318612
SUPRANATIONAL	Asian Development Bank	Supranationaal	101009529
SUPRANATIONAL	Eurofima	Supranationaal	37719084
SUPRANATIONAL	European Bank for Reconstruction and Development	Supranationaal	121744728
SUPRANATIONAL	European Investment Bank	Supranationaal	239610843
SUPRANATIONAL	European Stability Mechanism	Supranationaal	587335237
SUPRANATIONAL	Int Bank For Reconstruction & Development	Supranationaal	56282047
SUPRANATIONAL	Inter-American Development Bank	Supranationaal	5668467
SUPRANATIONAL	Nordic Investment Bank	Supranationaal	84783846
TECHNOLOGY	ACI Worldwide, Inc.	Verenigde Staten	1714678
TECHNOLOGY	Advanced Micro Devices, Inc.	Verenigde Staten	150086
TECHNOLOGY	Alliance Data Systems Corporation	Verenigde Staten	185991
TECHNOLOGY	Amkor Technology, Inc.	Verenigde Staten	520318
TECHNOLOGY	Apple Inc.	Verenigde Staten	32905542
TECHNOLOGY	Ascend Learning, LLC	Verenigde Staten	3046272
TECHNOLOGY	ASML Holding N.V.	Nederland	41780395
TECHNOLOGY	Banff Parent Inc.	Verenigde Staten	943903
TECHNOLOGY	Camelot Finance S.A.	Verenigde Staten	1715980
TECHNOLOGY	Cardtronics plc	Verenigde Staten	213805
TECHNOLOGY	CDK Global, Inc.	Verenigde Staten	5409835
TECHNOLOGY	CDW Corporation	Verenigde Staten	957348
TECHNOLOGY	CommScope Holding Company, Inc.	Verenigde Staten	7285576
TECHNOLOGY	Dell Technologies Inc.	Verenigde Staten	9642293
TECHNOLOGY	Diebold Nixdorf, Incorporated	Verenigde Staten	400117
TECHNOLOGY	Donnelley Financial Solutions, Inc.	Verenigde Staten	347607
TECHNOLOGY	Endurance International Group Holdings, Inc.	Verenigde Staten	6704263
TECHNOLOGY	Entegris, Inc.	Verenigde Staten	488617
TECHNOLOGY	Equinix, Inc. (REIT)	Verenigde Staten	5160551
TECHNOLOGY	Everi Holdings Inc.	Verenigde Staten	637826
TECHNOLOGY	Exela Technologies, Inc.	Verenigde Staten	546770
TECHNOLOGY	Fair Isaac Corporation	Verenigde Staten	769206
TECHNOLOGY	Fidelity National Information Services, Inc.	Verenigde Staten	38574591
TECHNOLOGY	Gartner, Inc.	Verenigde Staten	3286117
TECHNOLOGY	Greeneden U.S. Holdings II, LLC	Verenigde Staten	1520775
TECHNOLOGY	Havasu Holdings Ltd.	Verenigde Staten	1439194
TECHNOLOGY	Inception Parent, Inc.	Verenigde Staten	121157
TECHNOLOGY	Infor Software Parent, LLC	Verenigde Staten	798128
TECHNOLOGY	International Business Machines Corporation	Verenigde Staten	73538845
TECHNOLOGY	InterXion Holding N.V.	Nederland	4382687
TECHNOLOGY	Iron Mountain Incorporated	Verenigde Staten	14350765
TECHNOLOGY	Italics Inc.	Verenigde Staten	1394815
TECHNOLOGY	j2 Global, Inc.	Verenigde Staten	3413503
TECHNOLOGY	MEIF 5 Arena Holdings SLU	Spanje	168463
TECHNOLOGY	Mercury UK Holdco Limited	Italië	1950441
TECHNOLOGY	Micron Technology, Inc.	Verenigde Staten	290871
TECHNOLOGY	MSCI Inc.	Verenigde Staten	4873458
TECHNOLOGY	NCR Corporation	Verenigde Staten	12907804
TECHNOLOGY	Nokia Corporation	Finland	661493
TECHNOLOGY	Nokia Corporation	Verenigde Staten	301024
TECHNOLOGY	NXP Semiconductors N.V.	Nederland	3129693
TECHNOLOGY	Open Text Corporation	Canada	554918
TECHNOLOGY	Plantronics, Inc.	Verenigde Staten	725467
TECHNOLOGY	Playtech plc	Verenigd Koninkrijk	1545995
TECHNOLOGY	PTC Inc.	Verenigde Staten	1254290
TECHNOLOGY	Qorvo, Inc.	Verenigde Staten	2627810
TECHNOLOGY	QualityTech, LP	Verenigde Staten	3734185
TECHNOLOGY	Refinitiv Holdings Ltd	Verenigde Staten	13211414
TECHNOLOGY	Sabre Corporation	Verenigde Staten	5951232
TECHNOLOGY	Sensata Technologies Holding N.V.	Verenigde Staten	5530822
TECHNOLOGY	Solera, LLC	Verenigde Staten	1647054
TECHNOLOGY	Sophia Holding Finance, L.P.	Verenigde Staten	439892
TECHNOLOGY	SS&C Technologies Holdings, Inc.	Verenigde Staten	2399049
TECHNOLOGY	Tempo Acquisition, LLC	Verenigde Staten	1320174
TECHNOLOGY	Tencent Holdings Limited	China	53821184
TECHNOLOGY	The Dun & Bradstreet Corporation	Verenigde Staten	2662456
TECHNOLOGY	TIBCO Software Inc.	Verenigde Staten	2563490
TECHNOLOGY	TTM Technologies, Inc.	Verenigde Staten	330788
TECHNOLOGY	VeriSign, Inc.	Verenigde Staten	923151
TECHNOLOGY	Verscend Escrow Corporation	Verenigde Staten	2529503
TECHNOLOGY	Western Digital Corporation	Verenigde Staten	472625
TRANSPORTATION SERVICES	Atlantia S.p.A.	Spanje	53409110
TRANSPORTATION SERVICES	Avis Budget Group, Inc.	Verenigde Staten	4805137
TRANSPORTATION SERVICES	CAR Inc.	China	31270443
TRANSPORTATION SERVICES	Eiffage SA	Frankrijk	69337952
TRANSPORTATION SERVICES	Europcar Groupe S.A.	Verenigd Koninkrijk	1320137
TRANSPORTATION SERVICES	Ferrovial, S.A.	Spanje	825804
TRANSPORTATION SERVICES	FGP Topco Limited	Verenigd Koninkrijk	51535820
TRANSPORTATION SERVICES	Flexi-Van Leasing, Inc.	Verenigde Staten	1518639
TRANSPORTATION SERVICES	GMR Infrastructure Limited	India	20065959
TRANSPORTATION SERVICES	Hainan Traffic Administration Holding Co., Ltd.	Luxemburg	1224605
TRANSPORTATION SERVICES	Hertz Global Holdings, Inc.	Verenigde Staten	8249762
TRANSPORTATION SERVICES	Hidrovias do Brasil S.A.	Brazilië	30891215
TRANSPORTATION SERVICES	LBC Tank Terminals Holding Netherlands BV	België	7717093
TRANSPORTATION SERVICES	MEIF 5 Arena Holdings SLU	Spanje	463076
TRANSPORTATION SERVICES	Merit Corporation	Frankrijk	627042
TRANSPORTATION SERVICES	Rumo S.A.	Brazilië	29408419
TRANSPORTATION SERVICES	Rutas 2 And 7 Finance Limited	Verenigde Staten	24230056
TRANSPORTATION SERVICES	VINCI SA	Dominicaanse Republiek	25742549
TRANSPORTATION SERVICES	VINCI SA	Frankrijk	55570537
TRANSPORTATION SERVICES	XPO Logistics, Inc.	Verenigde Staten	3240467
TREASURIES	Austria	Oostenrijk	5202766349
TREASURIES	Belgium	België	7529969282
TREASURIES	Brazil	Brazilië	13296960
TREASURIES	Colombia	Colombia	71383792
TREASURIES	Czech Republic	Tsjechië	427914327
TREASURIES	Finland	Finland	3248149898
TREASURIES	France	Frankrijk	13808191020
TREASURIES	Germany	Duitsland	21591013136
TREASURIES	Hungary	Hongarije	474411723
TREASURIES	Indonesia	Indonesië	1161990710
TREASURIES	Japan	Japan	1490751349
TREASURIES	Malaysia	Maleisië	725043308
TREASURIES	Mexico	Mexico	1142354390
TREASURIES	Ministerio De Hacienda Y Credito Publico	Colombia	698478740
TREASURIES	Ministerstwo Skarbu Panstwa	Polen	1038581422
TREASURIES	Ministry of Finance, Russian Federation	Rusland	1013816191
TREASURIES	Ministry of Finance, Thailand	Thailand	1090553997
TREASURIES	Netherlands	Nederland	14805155498
TREASURIES	Peru	Peru	407793118
TREASURIES	Philippines	Filipijnen	28947268
TREASURIES	Romania	Roemenië	319753030
TREASURIES	Secretaria Do Tesouro Nacional	Brazilië	1213884015
TREASURIES	South Africa	Zuid-Afrika	1104359380
TREASURIES	Undersecretariat of Treasury	Turkije	454066406
TREASURIES	United States Department of The Treasury	Verenigde Staten	708054972
UNKNOWN	Société Générale Société anonyme	Frankrijk	4025271
UTILITY OTHER	Anglian Water Group Limited	Verenigd Koninkrijk	588409
UTILITY OTHER	SUEZ SA	Frankrijk	16359191
UTILITY OTHER	Veolia Environnement S.A.	Frankrijk	58622516
UTILITY	Peru	Peru	8761702
WIRELESS	América Móvil, S.A.B. de C.V.	Mexico	55059314
WIRELESS	Barrett Corporation	Canada	304336
WIRELESS	Cellnex Telecom, S.A.	Spanje	3537884
WIRELESS	Crystal Almond Holdings Limited	Griekenland	1175384
WIRELESS	Cukurova Group	Turkije	11546739
WIRELESS	Digicel Group Limited	Jamaica	5789383
WIRELESS	Digicel Group Limited	Saint Lucia	4216036
WIRELESS	IHS Holding Limited	Nigeria	32016525
WIRELESS	Matterhorn Telecom Holding S.A.	Luxemburg	990917
WIRELESS	Millicom International Cellular S.A.	Colombia	27639851
WIRELESS	MTN Group Limited	Zuid-Afrika	39529284
WIRELESS	Next Alt S.a.r.l.	Frankrijk	23416849
WIRELESS	Next Alt S.a.r.l.	Luxemburg	16980558
WIRELESS	PPF Group N.V.	Nederland	39892954
WIRELESS	PT Tower Bersama Infrastructure Tbk	Indonesië	22966073
WIRELESS	SBA Communications Corporation	Verenigde Staten	7121312
WIRELESS	Sistema Public Joint Stock Financial Corporation	Rusland	15851213
WIRELESS	SoftBank Group Corp.	Japan	5874491
WIRELESS	SoftBank Group Corp.	Verenigde Staten	27101452
WIRELESS	VEON Ltd.	Nederland	51383806
WIRELESS	Vodafone Group Plc	Verenigd Koninkrijk	56180112
WIRELINES	Alfa, S. A. B. de C. V.	Mexico	21135634
WIRELINES	AT&T Inc.	Verenigde Staten	98637540
WIRELINES	BT Group plc	Verenigd Koninkrijk	43569025
WIRELINES	CenturyLink, Inc.	Verenigde Staten	31426150
WIRELINES	Cogent Communications Holdings, Inc.	Verenigde Staten	1421181
WIRELINES	Deutsche Telekom AG	Duitsland	84544630
WIRELINES	DKT Holdings ApS	Denemarken	3241086
WIRELINES	Eircom Holdco SA	Ierland	3688184
WIRELINES	Frontier Communications Corporation	Verenigde Staten	5130688
WIRELINES	GCI Liberty, Inc.	Verenigde Staten	382983
WIRELINES	Koninklijke KPN N.V.	Nederland	2358576
WIRELINES	Levent Yapilandirma Yonetimi A.S.	Turkije	37218340
WIRELINES	Orange S.A.	Frankrijk	77305450
WIRELINES	PCCW Limited	Hongkong	47833597
WIRELINES	Telecom Italia S.p.A.	Italië	21718895
WIRELINES	Telefónica, S.A.	Spanje	27135393
WIRELINES	Telstra Corporation Limited	Australië	36470269
WIRELINES	Uniti Group Inc.	Verenigde Staten	358926
WIRELINES	Verizon Communications Inc.	Verenigde Staten	52810936
WIRELINES	Windstream Holdings, Inc.	Verenigde Staten	477958
WIRELINES	Zayo Group Holdings, Inc.	Verenigde Staten	7357154
