3I GROUP PLC	1	1	aandelen
3M CO	0	1	aandelen
ABB LTD	1	1	aandelen
ABBVIE INC	1	1	aandelen
ABRDN PLC	1	0	aandelen
ABSA GROUP LTD	0	1	aandelen
ACCENTURE PLC	1	1	aandelen
ACERINOX SA	0	1	aandelen
ACKERMANS & VAN HAAREN NV	1	1	aandelen
ACORN HOLDINGS BV	0	1	aandelen
ACS ACTIVIDADES DE CONSTRUCCIO	1	0	aandelen
ACTIVISION BLIZZARD INC	1	0	aandelen
ADECCO GROUP AG	1	0	aandelen
ADMIRAL GROUP PLC	1	0	aandelen
ADOBE INC	1	1	aandelen
ADVANCE AUTO PARTS INC	1	0	aandelen
ADYEN NV	1	1	aandelen
AERO INVENTORY PLC	1	0	aandelen
AFLAC INC	0	1	aandelen
AGEAS SA/NV	1	1	aandelen
AIR LIQUIDE SA	1	1	aandelen
AIRTEL AFRICA PLC	0	1	aandelen
AIXTRON SE	0	1	aandelen
AJINOMOTO CO INC	1	0	aandelen
AKELIUS APARTMENTS LTD	0	1	aandelen
AKZO NOBEL NV	1	0	aandelen
ALIBABA GROUP HOLDING LTD	1	1	aandelen
ALK-ABELLO A/S	1	1	aandelen
ALLEGRO.EU SA	0	1	aandelen
ALLIANCE GLOBAL GROUP INC	1	1	aandelen
ALLIANZ SE	1	0	aandelen
ALLSTATE CORP/THE	1	0	aandelen
ALLY FINANCIAL INC	1	0	aandelen
ALPHABET INC	1	1	aandelen
ALSO HOLDING AG	1	0	aandelen
ALTRI SGPS SA	1	0	aandelen
AMAZON.COM INC	1	1	aandelen
AMCOR PLC	1	0	aandelen
AMDOCS LTD	1	0	aandelen
AMERICA MOVIL SAB DE CV	0	1	aandelen
AMERICAN INTERNATIONAL GROUP I	0	1	aandelen
AMERISOURCEBERGEN CORP	1	1	aandelen
AMGEN INC	1	1	aandelen
AMPLIFON SPA	1	0	aandelen
ANDRITZ AG	0	1	aandelen
ANGLO AMERICAN PLC	1	1	aandelen
ANHEUSER-BUSCH INBEV SA/NV	1	0	aandelen
ANHUI CONCH CEMENT CO LTD	1	1	aandelen
ANTHEM INC	1	0	aandelen
AON PLC	0	1	aandelen
AP MOLLER - MAERSK A/S	1	0	aandelen
APPLE INC	1	1	aandelen
APPLIED MATERIALS INC	1	1	aandelen
ARBONIA AG	1	0	aandelen
ARCADIS NV	1	1	aandelen
ARCELORMITTAL SA	1	0	aandelen
ARYZTA AG	1	1	aandelen
ASE TECHNOLOGY HOLDING CO LTD	0	1	aandelen
ASHTEAD GROUP PLC	1	1	aandelen
ASM INTERNATIONAL NV	1	0	aandelen
ASML HOLDING NV	1	1	aandelen
ASR NEDERLAND NV	1	0	aandelen
ASSA ABLOY AB	1	1	aandelen
ASSURANT INC	0	1	aandelen
ATOS SE	1	0	aandelen
AT&T INC	1	1	aandelen
AUSTRALIA & NEW ZEALAND BANKIN	1	1	aandelen
AUTOZONE INC	1	0	aandelen
AXA SA	0	1	aandelen
AXIS BANK LTD	1	0	aandelen
BANCO BPM SPA	1	0	aandelen
BANCO BRADESCO SA	1	1	aandelen
BANCO INTER SA	1	0	aandelen
BANDHAN FINANCIAL SERVICES LTD	1	1	aandelen
BANK CENTRAL ASIA TBK PT	1	1	aandelen
BANK MANDIRI PERSERO TBK PT	1	1	aandelen
BANK POLSKA KASA OPIEKI SA	1	0	aandelen
BARRATT DEVELOPMENTS PLC	0	1	aandelen
BASF SE	1	0	aandelen
BATH & BODY WORKS INC	1	1	aandelen
BAWAG GROUP AG	0	1	aandelen
BAYERISCHE MOTOREN WERKE AG	1	1	aandelen
BC TECHNOLOGY GROUP LTD	1	0	aandelen
BEIJING NEW BUILDING MATERIALS	1	1	aandelen
BERKELEY GROUP HOLDINGS PLC	1	1	aandelen
BERKSHIRE HATHAWAY INC	1	0	aandelen
BERTELSMANN SE & CO KGAA	0	1	aandelen
BEST BUY CO INC	1	1	aandelen
BHP GROUP LTD	1	1	aandelen
BILIBILI INC	1	0	aandelen
BIOGEN INC	1	1	aandelen
BJA CROONEN BV	0	1	aandelen
BLACKROCK INC	1	0	aandelen
BLACKSTONE INC	1	0	aandelen
BLOCK INC	0	1	aandelen
B&M EUROPEAN VALUE RETAIL SA	1	0	aandelen
BODYCOTE PLC	1	0	aandelen
BOLIDEN AB	1	0	aandelen
BOLLORE PARTICIPATIONS SA	0	1	aandelen
BOOKING HOLDINGS INC	1	1	aandelen
BORGWARNER INC	0	1	aandelen
BOSSARD HOLDING AG	1	0	aandelen
BP PLC	1	0	aandelen
BRAVIDA HOLDING AB	0	1	aandelen
BRENNTAG SE	1	1	aandelen
BRIDGESTONE CORP	1	1	aandelen
BRISTOL-MYERS SQUIBB CO	1	1	aandelen
BRITISH LAND CO PLC/THE	1	0	aandelen
BROADCOM INC	1	1	aandelen
BROWN & BROWN INC	0	1	aandelen
BUNZL PLC	0	1	aandelen
BURBERRY GROUP PLC	0	1	aandelen
BURCKHARDT COMPRESSION HOLDING	0	1	aandelen
CADENCE DESIGN SYSTEMS INC	0	1	aandelen
CAMPBELL SOUP CO	0	1	aandelen
CAPGEMINI SE	0	1	aandelen
CAPITAL ONE FINANCIAL CORP	0	1	aandelen
CARDINAL HEALTH INC	1	1	aandelen
CARLSBERG AS	1	0	aandelen
CARREFOUR SA	1	1	aandelen
CBOE GLOBAL MARKETS INC	1	1	aandelen
CD PROJEKT SA	1	0	aandelen
CEMBRA MONEY BANK AG	0	1	aandelen
CEMEX SAB DE CV	1	1	aandelen
CENTENE CORP	0	1	aandelen
CENTRICA PLC	1	0	aandelen
CERNER CORP	1	0	aandelen
CHAILEASE HOLDING CO LTD	1	1	aandelen
CHAMP HARVEST LTD	1	1	aandelen
CHARTER COMMUNICATIONS INC	1	1	aandelen
CHEVRON CORP	1	0	aandelen
CHINA COMMUNICATIONS SERVICES	1	1	aandelen
CHINA CONSTRUCTION BANK CORP	1	1	aandelen
CHINA GUODIAN CORP	1	1	aandelen
CHINA KWEICHOW MOUTAI WINERY G	1	1	aandelen
CHINA MENGNIU DAIRY CO LTD	1	1	aandelen
CHINA MERCHANTS BANK CO LTD	1	1	aandelen
CHINA MOBILE LTD	1	0	aandelen
CHINA STATE CONSTRUCTION GROUP	1	1	aandelen
CHINA YONGDA AUTOMOBILES SERVI	1	1	aandelen
CHOCOLADEFABRIKEN LINDT & SPRU	0	1	aandelen
CH ROBINSON WORLDWIDE INC	1	0	aandelen
CHUBB LTD	0	1	aandelen
CIE DE SAINT-GOBAIN	1	1	aandelen
CIE FINANCIERE RICHEMONT SA	1	1	aandelen
CIE GENERALE DES ETABLISSEMENT	1	1	aandelen
CIGNA CORP	1	1	aandelen
CIMB GROUP HOLDINGS BHD	0	1	aandelen
CINCINNATI FINANCIAL CORP	1	0	aandelen
CIPUTRA DEVELOPMENT TBK PT	0	1	aandelen
CISCO SYSTEMS INC/CALIFORNIA	1	1	aandelen
CITIGROUP INC	1	1	aandelen
CITIZENS FINANCIAL GROUP INC	1	0	aandelen
CJ CHEILJEDANG CORP	1	0	aandelen
CK HUTCHISON HOLDINGS LTD	1	1	aandelen
CLOROX CO/THE	1	1	aandelen
CNH INDUSTRIAL NV	1	0	aandelen
COATS GROUP PLC	0	1	aandelen
COCA-COLA CO/THE	1	1	aandelen
COCA-COLA EUROPACIFIC PARTNERS	1	0	aandelen
COGNIZANT TECHNOLOGY SOLUTIONS	0	1	aandelen
COLGATE-PALMOLIVE CO	1	1	aandelen
COLOPLAST A/S	1	1	aandelen
COMCAST CORP	0	1	aandelen
COMERICA INC	0	1	aandelen
COMET HOLDING AG	1	0	aandelen
COMMERZBANK AG	0	1	aandelen
COMMONWEALTH BANK OF AUSTRALIA	1	1	aandelen
COMPASS GROUP PLC	0	1	aandelen
CONAGRA BRANDS INC	1	1	aandelen
CONVATEC GROUP PLC	1	1	aandelen
COOR SERVICE MANAGEMENT HOLDIN	1	1	aandelen
COSTCO WHOLESALE CORP	1	1	aandelen
COUNTRY GARDEN SERVICES HOLDIN	0	1	aandelen
COVESTRO AG	1	0	aandelen
CRAYON GROUP HOLDING ASA	1	1	aandelen
CREDICORP LTD	0	1	aandelen
CREDIT AGRICOLE GROUP	1	0	aandelen
CREDIT SAISON CO LTD	0	1	aandelen
CRH PLC	1	0	aandelen
CUMMINS INC	1	1	aandelen
CVS HEALTH CORP	1	1	aandelen
DAIICHI SANKYO CO LTD	0	1	aandelen
DAIMLER AG	1	0	aandelen
DAITO TRUST CONSTRUCTION CO LT	1	0	aandelen
DANAHER CORP	1	1	aandelen
DANONE SA	0	1	aandelen
DANSKE BANK A/S	1	0	aandelen
DARKTRACE PLC	0	1	aandelen
DASSAULT SYSTEMES SE	0	1	aandelen
DAVITA INC	0	1	aandelen
DAYAMITRA TELEKOMUNIKASI PT	0	1	aandelen
DBS GROUP HOLDINGS LTD	1	1	aandelen
DCC PLC	1	1	aandelen
DECHRA PHARMACEUTICALS PLC	1	1	aandelen
DENTSPLY SIRONA INC	1	1	aandelen
DESENIO GROUP AB	1	0	aandelen
DEUTSCHE POST AG	1	0	aandelen
DEUTSCHE TELEKOM AG	1	1	aandelen
DIAGEO PLC	1	1	aandelen
D'IETEREN GROUP	1	1	aandelen
DIPLOMA PLC	1	1	aandelen
DIRECT LINE INSURANCE GROUP PL	1	0	aandelen
DISCOVER FINANCIAL SERVICES	0	1	aandelen
DIVERSIFIED AERO SERVICES INC	0	1	aandelen
DKSH HOLDING AG	0	1	aandelen
DNB BANK ASA	0	1	aandelen
DOLLAR GENERAL CORP	1	0	aandelen
DOLLAR TREE INC	0	1	aandelen
DOMINO'S PIZZA INC	1	1	aandelen
DOVER CORP	1	0	aandelen
DOW INC	1	0	aandelen
DOWNER EDI LTD	1	1	aandelen
DUERR AG	1	0	aandelen
DUPONT DE NEMOURS INC	1	1	aandelen
DXC TECHNOLOGY CO	0	1	aandelen
EASTMAN CHEMICAL CO	1	1	aandelen
EATON CORP PLC	1	0	aandelen
EBARA CORP	1	1	aandelen
EBAY INC	1	1	aandelen
EDWARDS LIFESCIENCES CORP	1	1	aandelen
EICHER MOTORS LTD	1	1	aandelen
EIFFAGE SA	1	0	aandelen
ELECTROCOMPONENTS PLC	1	0	aandelen
ELECTROLUX AB	1	1	aandelen
ELECTRONIC ARTS INC	1	1	aandelen
ELEKTA AB	1	1	aandelen
ELEVANCE HEALTH INC	0	1	aandelen
ELIA GROUP SA/NV	0	1	aandelen
ELI LILLY & CO	1	1	aandelen
ELISA OYJ	0	1	aandelen
EMBRACER GROUP AB	1	1	aandelen
EMERSON ELECTRIC CO	1	0	aandelen
ENAGAS SA	1	0	aandelen
ENBRIDGE INC	1	0	aandelen
ENEL SPA	1	0	aandelen
ENEOS HOLDINGS INC	1	1	aandelen
ENI SPA	1	0	aandelen
ENTAIN PLC	1	0	aandelen
EOG RESOURCES INC	1	0	aandelen
EQUINIX INC	1	1	aandelen
EQUINOR ASA	1	0	aandelen
ESSEX PROPERTY TRUST INC	0	1	aandelen
ESTEE LAUDER COS INC/THE	1	1	aandelen
EVEREST RE GROUP LTD	0	1	aandelen
EVONIK INDUSTRIES AG	0	1	aandelen
EVOTEC SE	1	1	aandelen
EVRAZ PLC	1	0	aandelen
EXXON MOBIL CORP	1	0	aandelen
FACTSET RESEARCH SYSTEMS INC	0	1	aandelen
FAGRON	1	1	aandelen
FAIR ISAAC CORP	1	0	aandelen
FAMILIE KRONSEDER KONSORTIUM G	0	1	aandelen
FASTENAL CO	1	1	aandelen
FAURECIA SE	0	1	aandelen
FEDEX CORP	1	0	aandelen
FERGUSON HOLDINGS LTD	1	1	aandelen
FEVERTREE DRINKS PLC	1	0	aandelen
FF GROUP	1	1	aandelen
FIDELITY NATIONAL INFORMATION	0	1	aandelen
FILA HOLDINGS CORP	1	1	aandelen
FMC CORP	1	1	aandelen
FNAC DARTY SA	1	0	aandelen
FORD MOTOR CO	1	0	aandelen
FORTINET INC	1	1	aandelen
FORTUM OYJ	1	0	aandelen
FOX CORP	0	1	aandelen
FRANKLIN RESOURCES INC	0	1	aandelen
FRESENIUS SE & CO KGAA	1	1	aandelen
FUJITSU LTD	1	1	aandelen
FURUYA METAL CO LTD	0	1	aandelen
FUTURE PLC	1	0	aandelen
GALENICA AG	1	0	aandelen
GAMMA COMMUNICATIONS PLC	1	0	aandelen
GARMIN LTD	1	0	aandelen
GARTNER INC	0	1	aandelen
GEA GROUP AG	1	1	aandelen
GEBERIT AG	1	1	aandelen
GENERAL MILLS INC	1	1	aandelen
GENUINE PARTS CO	1	1	aandelen
GEORG FISCHER AG	0	1	aandelen
GERRESHEIMER AG	0	1	aandelen
GETINGE AB	1	0	aandelen
GILEAD SCIENCES INC	1	1	aandelen
GIVAUDAN SA	0	1	aandelen
GJENSIDIGESTIFTELSEN	1	1	aandelen
GLANBIA PLC	1	1	aandelen
GLOBE LIFE INC	0	1	aandelen
GRANGES AB	1	0	aandelen
GREGGS PLC	1	1	aandelen
GRIFOLS SA	0	1	aandelen
GROUPE BRUXELLES LAMBERT SA	1	0	aandelen
GRUPO FINANCIERO BANORTE SAB D	1	1	aandelen
GRUPO SBF SA	1	1	aandelen
GSK PLC	0	1	aandelen
HABIB BANK LTD	1	0	aandelen
HALLIBURTON CO	1	0	aandelen
HANGZHOU TIGERMED CONSULTING C	1	1	aandelen
HARTFORD FINANCIAL SERVICES GR	0	1	aandelen
HASBRO INC	0	1	aandelen
HCL TECHNOLOGIES LTD	1	1	aandelen
HDFC BANK LTD	1	1	aandelen
HDI HAFTPFLICHTVERBAND DER DEU	0	1	aandelen
HEALTHPEAK PROPERTIES INC	0	1	aandelen
HEIDELBERGCEMENT AG	1	0	aandelen
HELLA GMBH & CO KGAA	1	0	aandelen
HELLOFRESH SE	1	0	aandelen
HENRY SCHEIN INC	1	1	aandelen
HERMES INTERNATIONAL	1	1	aandelen
HERSHEY CO/THE	1	1	aandelen
HEWLETT PACKARD ENTERPRISE CO	1	1	aandelen
HITACHI LTD	1	1	aandelen
H & M HENNES & MAURITZ AB	1	1	aandelen
HOLCIM AG	0	1	aandelen
HOLCIM LTD	1	0	aandelen
HOLOGIC INC	0	1	aandelen
HOME DEPOT INC/THE	1	1	aandelen
HON HAI PRECISION INDUSTRY CO	1	1	aandelen
HOST HOTELS & RESORTS INC	0	1	aandelen
HOWDEN JOINERY GROUP PLC	1	0	aandelen
HP INC	1	1	aandelen
HSBC HOLDINGS PLC	0	1	aandelen
HUATAI SECURITIES CO LTD	1	1	aandelen
HUHTAMAKI OYJ	1	1	aandelen
HUMANA INC	1	0	aandelen
HUSQVARNA AB	1	0	aandelen
HYUNDAI MARINE & FIRE INSURANC	0	1	aandelen
HYUNDAI MOTOR CO	1	1	aandelen
ICICI BANK LTD	1	1	aandelen
IG GROUP HOLDINGS PLC	1	0	aandelen
ILLINOIS TOOL WORKS INC	1	0	aandelen
ILLUMINA INC	1	1	aandelen
IMI PLC	1	1	aandelen
INCHCAPE PLC	0	1	aandelen
INDUSTRIA DE DISENO TEXTIL SA	1	1	aandelen
INDUSTRIVARDEN AB	1	0	aandelen
INFORMA PLC	0	1	aandelen
INFOSYS LTD	1	0	aandelen
INPEX CORP	1	1	aandelen
INTEL CORP	1	1	aandelen
INTER & CO INC	0	1	aandelen
INTERNATIONAL BUSINESS MACHINE	1	1	aandelen
INTERNATIONAL PAPER CO	1	0	aandelen
INTERPUBLIC GROUP OF COS INC/T	0	1	aandelen
INTERPUMP GROUP SPA	1	1	aandelen
INTERROLL HOLDING AG	1	0	aandelen
INTUITIVE SURGICAL INC	1	1	aandelen
INVESCO LTD	0	1	aandelen
INVESTOR AB	1	0	aandelen
IPSEN SA	1	0	aandelen
IPSOS	1	1	aandelen
IRISH BANK RESOLUTION CORP LTD	1	1	aandelen
ISS A/S	0	1	aandelen
JACK HENRY & ASSOCIATES INC	0	1	aandelen
JARDINE MATHESON HOLDINGS LTD	1	1	aandelen
JD.COM INC	0	1	aandelen
J D WETHERSPOON PLC	1	0	aandelen
JIANGSU HENGRUI MEDICINE CO LT	1	0	aandelen
J M SMUCKER CO/THE	1	1	aandelen
JOHNSON CONTROLS INTERNATIONAL	1	1	aandelen
JOHNSON & JOHNSON	1	1	aandelen
JOHNSON MATTHEY PLC	1	0	aandelen
JOHN SWIRE & SONS LTD	1	1	aandelen
JOY CITY PROPERTY LTD	1	1	aandelen
J SAINSBURY PLC	1	1	aandelen
JSR CORP	1	1	aandelen
JTC PLC	0	1	aandelen
JUNIPER NETWORKS INC	0	1	aandelen
KANZHUN LTD	0	1	aandelen
KB FINANCIAL GROUP INC	1	1	aandelen
KELLOGG CO	1	1	aandelen
KERING SA	1	1	aandelen
KESKO OYJ	1	1	aandelen
KEYSIGHT TECHNOLOGIES INC	1	1	aandelen
KGHM POLSKA MIEDZ SA	1	0	aandelen
KIMBERLY-CLARK CORP	1	1	aandelen
KINDER MORGAN INC	1	0	aandelen
KINDRED GROUP PLC	1	0	aandelen
KINGFISHER PLC	1	1	aandelen
KINNEVIK AB	1	0	aandelen
KIRIN HOLDINGS CO LTD	1	0	aandelen
KLA CORP	1	1	aandelen
KONE OYJ	1	1	aandelen
KONINKLIJKE AHOLD DELHAIZE NV	1	1	aandelen
KONINKLIJKE DSM NV	1	1	aandelen
KONINKLIJKE KPN NV	1	1	aandelen
KONINKLIJKE PHILIPS NV	1	1	aandelen
KRAFT HEINZ CO/THE	1	1	aandelen
KROGER CO/THE	1	1	aandelen
KT CORP	1	1	aandelen
KUEHNE + NAGEL INTERNATIONAL A	1	0	aandelen
LABORATORY CORP OF AMERICA HOL	0	1	aandelen
LAND SECURITIES GROUP PLC	1	1	aandelen
L E LUNDBERGFORETAGEN AB	1	1	aandelen
LENDLEASE CORP LTD	1	1	aandelen
LENNAR CORP	1	1	aandelen
LG CHEM LTD	1	0	aandelen
LG ELECTRONICS INC	0	1	aandelen
LIGHT YIELD LTD	1	1	aandelen
LINDAB INTERNATIONAL AB	1	1	aandelen
LIVE NATION ENTERTAINMENT INC	0	1	aandelen
LIXIL CORP	1	1	aandelen
LKQ CORP	1	1	aandelen
LLOYDS BANKING GROUP PLC	0	1	aandelen
LOEWS CORP	0	1	aandelen
LOGITECH INTERNATIONAL SA	1	0	aandelen
LOJAS RENNER SA	0	1	aandelen
LONDON STOCK EXCHANGE GROUP PL	1	1	aandelen
LONGI GREEN ENERGY TECHNOLOGY	0	1	aandelen
LOOMIS AB	1	1	aandelen
L'OREAL SA	1	1	aandelen
LOWE'S COS INC	1	1	aandelen
LUKOIL PJSC	1	1	aandelen
LUMEN TECHNOLOGIES INC	1	1	aandelen
LUNDIN ENERGY AB	1	0	aandelen
LVMH MOET HENNESSY LOUIS VUITT	1	1	aandelen
LYONDELLBASELL INDUSTRIES NV	1	0	aandelen
MAIRE TECNIMONT SPA	0	1	aandelen
MARATHON PETROLEUM CORP	1	0	aandelen
MARKEL CORP	1	0	aandelen
MARSH & MCLENNAN COS INC	0	1	aandelen
MASCO CORP	1	1	aandelen
MASH BETA LTD	0	1	aandelen
MASTERCARD INC	1	1	aandelen
MATSUKIYOCOCOKARA & CO	1	1	aandelen
MCDONALD'S CORP	1	1	aandelen
MCKESSON CORP	1	1	aandelen
MEDIATEK INC	1	1	aandelen
MEDIOBANCA BANCA DI CREDITO FI	0	1	aandelen
MEDTRONIC PLC	1	1	aandelen
MEITUAN	1	1	aandelen
MELIA HOTELS INTERNATIONAL SA	0	1	aandelen
MERCADOLIBRE INC	1	1	aandelen
MERCEDES-BENZ GROUP AG	0	1	aandelen
MERCK & CO INC	1	1	aandelen
METLIFE INC	1	1	aandelen
METSO OUTOTEC OYJ	1	1	aandelen
METTLER-TOLEDO INTERNATIONAL I	0	1	aandelen
MICROCHIP TECHNOLOGY INC	0	1	aandelen
MICRON TECHNOLOGY INC	1	1	aandelen
MICROSOFT CORP	1	1	aandelen
MID-AMERICA APARTMENT COMMUNIT	0	1	aandelen
MIDEA GROUP CO LTD	1	1	aandelen
MITSUBISHI CORP	1	1	aandelen
MITSUBISHI ESTATE CO LTD	1	1	aandelen
MITSUBISHI HEAVY INDUSTRIES LT	1	1	aandelen
MOHAWK INDUSTRIES INC	0	1	aandelen
MOLINA HEALTHCARE INC	1	1	aandelen
MONDELEZ INTERNATIONAL INC	0	1	aandelen
MOTOROLA SOLUTIONS INC	1	1	aandelen
MOWI ASA	0	1	aandelen
MSCI INC	1	1	aandelen
MTN GROUP LTD	0	1	aandelen
NASDAQ INC	1	1	aandelen
NASPERS LTD	1	1	aandelen
NATURGY ENERGY GROUP SA	1	1	aandelen
NATWEST GROUP PLC	0	1	aandelen
NESTLE SA	1	1	aandelen
NETAPP INC	1	1	aandelen
NETCOMPANY GROUP A/S	1	1	aandelen
NETEASE INC	1	0	aandelen
NEWCREST MINING LTD	1	1	aandelen
NEW WORLD DEVELOPMENT CO LTD	1	1	aandelen
NEXT PLC	0	1	aandelen
NIKE INC	1	1	aandelen
NIKON CORP	1	1	aandelen
NIPPON TELEGRAPH & TELEPHONE C	1	1	aandelen
NISSAN MOTOR CO LTD	0	1	aandelen
NN GROUP NV	1	1	aandelen
NOKIAN RENKAAT OYJ	1	0	aandelen
NOKIA OYJ	0	1	aandelen
NOLATO AB	1	1	aandelen
NOMAD FOODS LTD	1	0	aandelen
NORDEA BANK ABP	0	1	aandelen
NORDEX SE	1	0	aandelen
NORDIC ENTERTAINMENT GROUP AB	1	0	aandelen
NORSK HYDRO ASA	1	0	aandelen
NORTONLIFELOCK INC	0	1	aandelen
NOVARTIS AG	1	1	aandelen
NOVO NORDISK A/S	1	1	aandelen
NOVOZYMES A/S	1	1	aandelen
NUCOR CORP	1	0	aandelen
NVIDIA CORP	1	1	aandelen
NVR INC	0	1	aandelen
NXP SEMICONDUCTORS NV	1	1	aandelen
OMNICOM GROUP INC	1	1	aandelen
OMV AG	1	0	aandelen
ORACLE CORP	1	1	aandelen
ORANGE SA	0	1	aandelen
O'REILLY AUTOMOTIVE INC	1	0	aandelen
ORION OYJ	1	1	aandelen
OTP BANK NYRT	1	1	aandelen
OVS SPA	1	1	aandelen
PACCAR INC	0	1	aandelen
PACIFIC TEXTILES HOLDINGS LTD	1	1	aandelen
PACKAGING CORP OF AMERICA	1	0	aandelen
PANDORA A/S	1	1	aandelen
PAYCHEX INC	0	1	aandelen
PAYPAL HOLDINGS INC	1	1	aandelen
PEARSON PLC	0	1	aandelen
PENTLAND GROUP LTD	1	1	aandelen
PEPSICO INC	1	0	aandelen
PERNOD RICARD SA	1	1	aandelen
PERSIMMON PLC	1	1	aandelen
PETROLEO BRASILEIRO SA	1	1	aandelen
PETS AT HOME GROUP PLC	1	0	aandelen
PEUGEOT SA	1	0	aandelen
PFIZER INC	1	1	aandelen
PHILLIPS 66	1	0	aandelen
PINDUODUO INC	0	1	aandelen
PING AN INSURANCE GROUP CO OF	1	1	aandelen
POLYMETAL INTERNATIONAL PLC	1	0	aandelen
PORSCHE AUTOMOBIL HOLDING SE	0	1	aandelen
POSCO	1	0	aandelen
PRINCIPAL FINANCIAL GROUP INC	0	1	aandelen
PROCTER & GAMBLE CO/THE	1	1	aandelen
PROGRESSIVE CORP/THE	1	0	aandelen
PROSIEBENSAT.1 MEDIA SE	1	0	aandelen
PROXIMUS SADP	0	1	aandelen
PRUDENTIAL PLC	1	1	aandelen
PRYSMIAN SPA	1	1	aandelen
PTT PCL	0	1	aandelen
PUBLICIS GROUPE SA	1	1	aandelen
PULTEGROUP INC	1	1	aandelen
PUMA SE	1	1	aandelen
QATAR NATIONAL BANK QPSC	0	1	aandelen
QIAGEN NV	0	1	aandelen
QORVO INC	1	0	aandelen
QUALCOMM INC	1	0	aandelen
QUEST DIAGNOSTICS INC	1	1	aandelen
RAIFFEISEN BANK INTERNATIONAL	0	1	aandelen
RALPH LAUREN CORP	0	1	aandelen
RANDSTAD NV	1	0	aandelen
RATOS AB	0	1	aandelen
RECKITT BENCKISER GROUP PLC	1	0	aandelen
REGENERON PHARMACEUTICALS INC	0	1	aandelen
REGIONS FINANCIAL CORP	1	1	aandelen
RELIANCE INDUSTRIES LTD	1	1	aandelen
RELX PLC	0	1	aandelen
RENAULT SA	1	0	aandelen
RENESAS ELECTRONICS CORP	1	1	aandelen
REPLY SPA	1	1	aandelen
REPSOL SA	1	0	aandelen
REPUBLIC SERVICES INC	1	0	aandelen
RESONA HOLDINGS INC	0	1	aandelen
RESTAURANT GROUP PLC/THE	1	1	aandelen
RIETER HOLDING AG	1	1	aandelen
RIGHTMOVE PLC	0	1	aandelen
RIO TINTO PLC	1	1	aandelen
ROBERT HALF INTERNATIONAL INC	0	1	aandelen
ROCHE HOLDING AG	1	1	aandelen
ROHM CO LTD	1	1	aandelen
ROPER TECHNOLOGIES INC	0	1	aandelen
ROYAL DUTCH SHELL PLC	1	0	aandelen
ROYAL MAIL PLC	1	0	aandelen
ROYAL UNIBREW A/S	1	0	aandelen
RS GROUP PLC	0	1	aandelen
S4 CAPITAL PLC	1	0	aandelen
SAGE GROUP PLC/THE	0	1	aandelen
SALESFORCE.COM INC	1	0	aandelen
SALESFORCE INC	0	1	aandelen
SAMPO OYJ	0	1	aandelen
SAMSUNG ELECTRONICS CO LTD	1	1	aandelen
SANDVIK AB	1	0	aandelen
SANOFI	1	1	aandelen
SANTEN PHARMACEUTICAL CO LTD	1	1	aandelen
SAP SE	1	1	aandelen
SBERBANK OF RUSSIA PJSC	1	0	aandelen
SBI HOLDINGS INC/JAPAN	1	1	aandelen
SCHINDLER HOLDING AG	1	1	aandelen
SCHLUMBERGER NV	1	1	aandelen
SCHNEIDER ELECTRIC SE	1	0	aandelen
SCHRODERS PLC	1	1	aandelen
SEAGATE TECHNOLOGY PLC	1	1	aandelen
SECURITAS AB	0	1	aandelen
SERVICENOW INC	0	1	aandelen
SGS SA	1	1	aandelen
SHERWIN-WILLIAMS CO/THE	1	1	aandelen
SHOPIFY INC	1	1	aandelen
SIEGFRIED HOLDING AG	1	1	aandelen
SIG COMBIBLOC GROUP AG	1	0	aandelen
SIG GROUP AG	0	1	aandelen
SIGNIFY NV	1	0	aandelen
SIKA AG	1	1	aandelen
SINGAPORE TELECOMMUNICATIONS L	0	1	aandelen
SINO-AMERICAN SILICON PRODUCTS	1	1	aandelen
SITIOS LATINOAMERICA SAB DE CV	0	1	aandelen
SIXT SE	1	1	aandelen
SK HYNIX INC	1	1	aandelen
SKYWORKS SOLUTIONS INC	1	0	aandelen
SMITHS GROUP PLC	0	1	aandelen
SNAM SPA	1	0	aandelen
SNAP-ON INC	0	1	aandelen
SOCIEDADE FRANCISCO MANUEL DOS	1	1	aandelen
SOCIETE GENERALE SA	0	1	aandelen
SOFINA SA	1	1	aandelen
SOFTBANK GROUP CORP	1	1	aandelen
SOFTCAT PLC	1	1	aandelen
SOFTWARE AG	1	1	aandelen
SOITEC	1	0	aandelen
SOLVAY SA	1	0	aandelen
SONOVA HOLDING AG	1	1	aandelen
SONY GROUP CORP	1	1	aandelen
SOPRA STERIA GROUP SACA	1	1	aandelen
SPAREBANK 1 SR-BANK ASA	0	1	aandelen
SPECTRIS PLC	1	0	aandelen
S&P GLOBAL INC	1	1	aandelen
SPIE SA	0	1	aandelen
SPIRAX-SARCO ENGINEERING PLC	1	1	aandelen
SQUARE INC	1	0	aandelen
SSP GROUP PLC	1	1	aandelen
STANDARD CHARTERED PLC	0	1	aandelen
STELLANTIS NV	0	1	aandelen
STRABAG SE	0	1	aandelen
STRAUMANN HOLDING AG	0	1	aandelen
STRYKER CORP	1	1	aandelen
SUBARU CORP	0	1	aandelen
SUBSEA 7 SA	0	1	aandelen
SUMITOMO CORP	1	1	aandelen
SUMITOMO MITSUI FINANCIAL GROU	1	1	aandelen
SUPALAI PCL	1	1	aandelen
SUZANO SA	1	1	aandelen
SWATCH GROUP AG/THE	1	1	aandelen
SWEDISH ORPHAN BIOVITRUM AB	0	1	aandelen
SWISSCOM AG	1	1	aandelen
SWISSQUOTE GROUP HOLDING SA	1	1	aandelen
SYNCHRONY FINANCIAL	1	1	aandelen
SYNOPSYS INC	0	1	aandelen
TAIWAN SEMICONDUCTOR MANUFACTU	1	1	aandelen
TAKEDA PHARMACEUTICAL CO LTD	1	1	aandelen
TAPESTRY INC	0	1	aandelen
TARGET CORP	1	0	aandelen
TATE & LYLE PLC	1	1	aandelen
TCS GROUP HOLDING PLC	1	1	aandelen
T&D HOLDINGS INC	1	1	aandelen
TECAN GROUP AG	0	1	aandelen
TECH MAHINDRA LTD	1	0	aandelen
TECHNIP ENERGIES NV	0	1	aandelen
TECHNIPFMC PLC	1	0	aandelen
TELE2 AB	0	1	aandelen
TELECOM ITALIA SPA/MILANO	0	1	aandelen
TELECOM PLUS PLC	0	1	aandelen
TELEFONAKTIEBOLAGET LM ERICSSO	1	0	aandelen
TELEFONICA SA	1	1	aandelen
TELEKOM AUSTRIA AG	0	1	aandelen
TELENOR ASA	1	1	aandelen
TELIA CO AB	1	1	aandelen
TENARIS SA	1	1	aandelen
TENCENT HOLDINGS LTD	1	1	aandelen
TESCO PLC	0	1	aandelen
TEXAS INSTRUMENTS INC	1	1	aandelen
THERMO FISHER SCIENTIFIC INC	1	1	aandelen
TINGYI CAYMAN ISLANDS HOLDING	1	1	aandelen
TOBII AB	1	1	aandelen
TOKIO MARINE HOLDINGS INC	1	0	aandelen
TOTALENERGIES SE	1	0	aandelen
TOYOTA INDUSTRIES CORP	1	1	aandelen
TOYOTA MOTOR CORP	1	0	aandelen
TRACTOR SUPPLY CO	1	1	aandelen
TRAINLINE PLC	0	1	aandelen
TRANE TECHNOLOGIES PLC	1	0	aandelen
TRAVELERS COS INC/THE	0	1	aandelen
TREASURY WINE ESTATES LTD	1	1	aandelen
TRELLEBORG AB	1	1	aandelen
T ROWE PRICE GROUP INC	1	0	aandelen
TRYGHEDSGRUPPEN SMBA	0	1	aandelen
TWDC ENTERPRISES 18 CORP	1	0	aandelen
TYSON FOODS INC	1	0	aandelen
U-BLOX HOLDING AG	0	1	aandelen
UBS GROUP AG	1	1	aandelen
UCB SA	0	1	aandelen
ULTA BEAUTY INC	1	1	aandelen
UMICORE SA	1	1	aandelen
UNICREDIT SPA	0	1	aandelen
UNILEVER PLC	1	1	aandelen
UNION PACIFIC CORP	1	1	aandelen
UNIPOL GRUPPO SPA	0	1	aandelen
UNITEDHEALTH GROUP INC	0	1	aandelen
UNITED INTERNET AG	1	0	aandelen
UNITED RENTALS INC	1	1	aandelen
UNITED UTILITIES GROUP PLC	0	1	aandelen
UPM-KYMMENE OYJ	1	0	aandelen
VALERO ENERGY CORP	1	0	aandelen
VALMET OYJ	1	0	aandelen
VAT GROUP AG	1	0	aandelen
VERISIGN INC	0	1	aandelen
VERIZON COMMUNICATIONS INC	1	1	aandelen
VERTEX PHARMACEUTICALS INC	0	1	aandelen
VESUVIUS PLC	1	0	aandelen
VIAPLAY GROUP AB	0	1	aandelen
VINCI SA	0	1	aandelen
VIPSHOP HOLDINGS LTD	0	1	aandelen
VISA INC	1	1	aandelen
VISTRY GROUP PLC	1	0	aandelen
VODAFONE GROUP PLC	1	1	aandelen
VOESTALPINE AG	1	0	aandelen
VORNADO REALTY TRUST	0	1	aandelen
WALGREENS BOOTS ALLIANCE INC	1	1	aandelen
WALT DISNEY CO/THE	0	1	aandelen
WASTE MANAGEMENT INC	1	0	aandelen
WATCHES OF SWITZERLAND GROUP P	1	1	aandelen
WEICHAI HOLDING GROUP CO LTD	1	1	aandelen
WEIR GROUP PLC/THE	1	0	aandelen
WESTINGHOUSE AIR BRAKE TECHNOL	0	1	aandelen
WESTROCK CO	1	0	aandelen
WEYERHAEUSER CO	0	1	aandelen
WHIRLPOOL CORP	1	1	aandelen
WH SMITH PLC	1	1	aandelen
WIENER STAEDTISCHE WECHSELSEIT	0	1	aandelen
WILLIAM DEMANT INVEST A/S	0	1	aandelen
WILLIAMS COS INC/THE	1	0	aandelen
WILLIS TOWERS WATSON PLC	0	1	aandelen
WISE PLC	0	1	aandelen
WOLTERS KLUWER NV	1	1	aandelen
WORLEY LTD	1	1	aandelen
WPP PLC	1	1	aandelen
W R BERKLEY CORP	0	1	aandelen
WW GRAINGER INC	1	1	aandelen
YANDEX NV	1	1	aandelen
YARA INTERNATIONAL ASA	1	0	aandelen
YDUQS PARTICIPACOES SA	1	0	aandelen
ZALANDO SE	1	0	aandelen
ZEBRA TECHNOLOGIES CORP	1	0	aandelen
Z HOLDINGS CORP	1	1	aandelen
ZIMMER BIOMET HOLDINGS INC	0	1	aandelen
ZURICH INSURANCE GROUP AG	0	1	aandelen
180 MEDICAL INC	1	0	obligaties
AA BOND CO LTD	1	1	obligaties
ABBVIE INC	1	0	obligaties
ABERTIS INFRAESTRUCTURAS FINAN	1	1	obligaties
ABN AMRO BANK NV	0	1	obligaties
ABU DHABI CRUDE OIL PIPELINE L	0	1	obligaties
ABU DHABI GOVERNMENT INTERNATI	1	1	obligaties
ABU DHABI PORTS CO PJSC	0	1	obligaties
ACADIA HEALTHCARE CO INC	1	1	obligaties
ACCIONA ENERGIA FINANCIACION F	1	0	obligaties
ACORN HOLDINGS BV	1	1	obligaties
ACS ACTIVIDADES DE CONSTRUCCIO	1	1	obligaties
ADAPTHEALTH LLC	1	1	obligaties
ADVISOR GROUP HOLDINGS INC	1	0	obligaties
AERCAP HOLDINGS NV	1	0	obligaties
AEROPUERTO INTERNACIONAL DE TO	0	1	obligaties
AGCO CORP	0	1	obligaties
AGCO INTERNATIONAL HOLDINGS BV	1	0	obligaties
AG ISSUER LLC	1	0	obligaties
AGNATEN SE	1	0	obligaties
AGNATEN SE\AT	0	1	obligaties
AG TTMT ESCROW ISSUER LLC	0	1	obligaties
AIR CANADA	1	1	obligaties
ALBERTSONS COS INC / SAFEWAY I	1	1	obligaties
ALCOA NEDERLAND HOLDING BV	1	0	obligaties
ALLEGHENY TECHNOLOGIES INC	1	0	obligaties
ALLIANT HOLDINGS INTERMEDIATE	1	1	obligaties
ALLIANZ SE	1	0	obligaties
ALSTRIA OFFICE REIT-AG	1	0	obligaties
ALTAREA SCA	1	1	obligaties
ALTERNATIVE LOAN TRUST 2004-J4	1	1	obligaties
ALTICE FRANCE HOLDING SA	1	1	obligaties
ALTICE USA INC	1	1	obligaties
AMERICAN AIRLINES GROUP INC	0	1	obligaties
AMERICAN AIRLINES INC	1	0	obligaties
AMERICAN AIRLINES INC/AADVANTA	1	1	obligaties
AMERICAN AXLE & MANUFACTURING	1	1	obligaties
AMERICAN BUILDERS & CONTRACTOR	1	1	obligaties
AMERICAN INTERNATIONAL GROUP I	1	0	obligaties
AMERICAN TOWER CORP	1	1	obligaties
AMGEN INC	1	0	obligaties
AMPRION GMBH	0	1	obligaties
ANGOLAN GOVERNMENT INTERNATION	1	1	obligaties
ANHEUSER-BUSCH INBEV SA/NV	1	1	obligaties
ANNINGTON HOLDINGS GUERNSEY LT	1	0	obligaties
AON GLOBAL LTD	0	1	obligaties
AON PLC	1	0	obligaties
APACHE CORP	1	1	obligaties
APA GROUP	1	1	obligaties
APX GROUP INC	1	1	obligaties
ARAMARK	1	1	obligaties
ARCHES BUYER INC	1	1	obligaties
ARCHROCK PARTNERS LP / ARCHROC	1	1	obligaties
ARCLIGHT CAPITAL PARTNERS LLC	0	1	obligaties
ARDAGH METAL PACKAGING FINANCE	1	0	obligaties
ARD HOLDINGS SA	1	1	obligaties
ARETEC ESCROW ISSUER INC	1	0	obligaties
ARGAN SA	0	1	obligaties
ARGENTINE REPUBLIC/THE	1	1	obligaties
ARG INVESTMENT CORP	0	1	obligaties
AROUNDTOWN SA	1	1	obligaties
ASAHI GROUP HOLDINGS LTD	1	1	obligaties
ASBURY AUTOMOTIVE GROUP INC	0	1	obligaties
ASCENDAS REAL ESTATE INVESTMEN	1	0	obligaties
ASCEND LEARNING LLC	1	0	obligaties
ASP UNIFRAX HOLDINGS INC	0	1	obligaties
ASR NEDERLAND NV	1	1	obligaties
ASSUREDPARTNERS INC	1	1	obligaties
ASTM SPA	0	1	obligaties
ATHORA HOLDING LTD	1	1	obligaties
ATI INC	0	1	obligaties
ATLANTIA SPA	1	1	obligaties
ATOS SE	1	1	obligaties
ATRIUM FINANCE ISSUER BV	1	1	obligaties
AT&T INC	1	1	obligaties
AUTOSTRADE PER L'ITALIA SPA	0	1	obligaties
AVANTOR FUNDING INC	1	1	obligaties
AVIENT CORP	0	1	obligaties
AXALTA COATING SYSTEMS LLC / A	1	1	obligaties
AXALTA COATING SYSTEMS LTD	1	1	obligaties
AXA SA	0	1	obligaties
AXTEL SAB DE CV	1	1	obligaties
B2W DIGITAL LUX SARL	1	0	obligaties
BACARDI LTD	1	1	obligaties
BANCA MONTE DEI PASCHI DI SIEN	1	1	obligaties
BANCO BILBAO VIZCAYA ARGENTARI	1	1	obligaties
BANCO DEL ESTADO DE CHILE	1	1	obligaties
BANCO DE SABADELL SA	1	1	obligaties
BANCO DO BRASIL SA	1	1	obligaties
BANCO NACIONAL DE PANAMA	0	1	obligaties
BANCO SANTANDER SA	1	1	obligaties
BANFF PARENT INC	0	1	obligaties
BANK MUSCAT SAOG	1	1	obligaties
BANK OF AMERICA CORP	1	1	obligaties
BANK OF IRELAND GROUP PLC	1	1	obligaties
BANQUE INTERNATIONALE A LUXEMB	1	1	obligaties
BARBADOS	0	1	obligaties
BARCLAYS PLC	1	1	obligaties
BASF SE	1	1	obligaties
BATH & BODY WORKS INC	1	1	obligaties
BAUSCH HEALTH AMERICAS INC	1	0	obligaties
BAUSCH HEALTH COS INC	1	1	obligaties
BAYER AG	1	1	obligaties
BEACON ROOFING SUPPLY INC	1	1	obligaties
BECTON DICKINSON AND CO	1	1	obligaties
BEL SA	1	1	obligaties
BLACK KNIGHT INFOSERV LLC	1	1	obligaties
BLACKSTONE MORTGAGE TRUST INC	1	1	obligaties
BLACKSTONE PROPERTY PARTNERS L	1	0	obligaties
BLOSSOM JOY LTD	0	1	obligaties
BNP PARIBAS SA	1	1	obligaties
BOMBARDIER INC	1	1	obligaties
BOREALIS AG	1	0	obligaties
BOXER PARENT CO INC	1	0	obligaties
BOYD GAMING CORP	1	1	obligaties
BOYNE USA INC	1	0	obligaties
BP PLC	1	0	obligaties
BRASKEM AMERICA FINANCE CO	1	0	obligaties
BRASKEM SA	1	1	obligaties
BRF SA	1	0	obligaties
BROADCOM INC	1	0	obligaties
BROADSTREET PARTNERS INC	1	1	obligaties
BROOKFIELD RENEWABLE PARTNERS	0	1	obligaties
BURELLE SA	1	0	obligaties
BWAY PARENT CO INC	1	1	obligaties
CABLE ONE INC	0	1	obligaties
CABLEVISION LIGHTPATH LLC	1	0	obligaties
CAESARS ENTERTAINMENT INC	1	1	obligaties
CAESARS RESORT COLLECTION LLC	1	1	obligaties
CA IMMOBILIEN ANLAGEN AG	1	0	obligaties
CAISSE DES DEPOTS ET CONSIGNAT	0	1	obligaties
CAIXABANK SA	1	1	obligaties
CALLON PETROLEUM CO	1	1	obligaties
CAMELOT FINANCE SA	1	1	obligaties
CANADA SQUARE FUNDING 2021-1 P	1	1	obligaties
CANPACK SA / CANPACK US LLC	0	1	obligaties
CAPITALAND ASCENDAS REIT	0	1	obligaties
CARNIVAL CORP	1	1	obligaties
CASTELLUM AB	1	1	obligaties
CATALENT PHARMA SOLUTIONS INC	1	1	obligaties
CBRE GLOBAL INVESTORS OPEN-END	1	1	obligaties
CCM MERGER INC	1	0	obligaties
CDK GLOBAL INC	1	0	obligaties
CD&R SMOKEY BUYER INC	1	1	obligaties
CEDAR FAIR LP / CANADA'S WONDE	1	1	obligaties
CEMEX SAB DE CV	1	0	obligaties
CENGAGE LEARNING INC	1	1	obligaties
CENTENE CORP	1	1	obligaties
CENTRAL CHINA REAL ESTATE LTD	1	0	obligaties
CHAMPIONX CORP	1	0	obligaties
CHANGE HEALTHCARE HOLDINGS LLC	0	1	obligaties
CHARLES RIVER LABORATORIES INT	1	1	obligaties
CHARTER COMMUNICATIONS INC	1	1	obligaties
CHARTER COMMUNICATIONS OPERATI	1	1	obligaties
CHEEVER ESCROW ISSUER LLC	0	1	obligaties
CHENIERE ENERGY INC	1	1	obligaties
CHENIERE ENERGY PARTNERS LP	1	1	obligaties
CHINA HUADIAN OVERSEAS DEVELOP	0	1	obligaties
CHINA HUANENG GROUP HONG KONG	0	1	obligaties
CHINA INVESTMENT CORP	0	1	obligaties
CHINALCO CAPITAL HOLDINGS LTD	0	1	obligaties
CHINA NATIONAL CHEMICAL CORP L	1	1	obligaties
CHINA TOURISM GROUP CORP LTD	0	1	obligaties
CHS/COMMUNITY HEALTH SYSTEMS I	1	1	obligaties
CHUBB LTD	1	0	obligaties
CIBANCO SA INSTITUCION DE BANC	1	0	obligaties
CINEMARK HOLDINGS INC	1	1	obligaties
CITIGROUP INC	0	1	obligaties
CITYCON OYJ	1	1	obligaties
CK HUTCHISON HOLDINGS LTD	1	0	obligaties
CLARIOS GLOBAL LP	1	1	obligaties
CLARIOS GLOBAL LP / CLARIOS US	1	1	obligaties
CLARIVATE SCIENCE HOLDINGS COR	1	1	obligaties
CLEAR CHANNEL INTERNATIONAL BV	1	1	obligaties
CLEAR CHANNEL OUTDOOR HOLDINGS	1	1	obligaties
CLEAR CHANNEL WORLDWIDE HOLDIN	1	0	obligaties
CLEARWAY ENERGY OPERATING LLC	1	1	obligaties
CNPC GLOBAL CAPITAL LTD	0	1	obligaties
CNX MIDSTREAM PARTNERS LP	1	1	obligaties
CNX RESOURCES CORP	1	1	obligaties
COCA-COLA HBC AG	0	1	obligaties
COLFAX CORP	1	0	obligaties
COLGATE ENERGY PARTNERS III LL	0	1	obligaties
COMCAST CORP	0	1	obligaties
COMISION FEDERAL DE ELECTRICID	1	1	obligaties
COMMERZBANK AG	1	1	obligaties
COMMSCOPE TECHNOLOGIES LLC	1	1	obligaties
COMPUTERSHARE LTD	0	1	obligaties
COMPUTERSHARE US INC	1	0	obligaties
COMSTOCK RESOURCES INC	1	0	obligaties
CONDOR MERGER SUB INC	0	1	obligaties
CONSTELLIUM SE	1	1	obligaties
CONTINENTAL AG	1	0	obligaties
COOPERATIEVE RABOBANK UA	1	1	obligaties
CORP NACIONAL DEL COBRE DE CHI	1	1	obligaties
COVIVIO HOTELS SACA	1	0	obligaties
CP ATLAS BUYER INC	1	0	obligaties
CPI PROPERTY GROUP SA	1	1	obligaties
CREDIT AGRICOLE GROUP	1	1	obligaties
CREDIT BANK OF MOSCOW VIA CBOM	1	0	obligaties
CREDIT SUISSE GROUP AG	1	1	obligaties
CROMWELL PROPERTY GROUP	1	1	obligaties
CROWNROCK LP / CROWNROCK FINAN	1	1	obligaties
CTP NV	1	1	obligaties
CVS PASS-THROUGH TRUST	1	1	obligaties
C&W SENIOR FINANCING DAC	1	0	obligaties
CYRUSONE INC	1	0	obligaties
DARLING INGREDIENTS INC	0	1	obligaties
DASSAULT SYSTEMES SE	1	0	obligaties
DCP MIDSTREAM LP	1	1	obligaties
DELEK LOGISTICS PARTNERS LP /	1	0	obligaties
DELL TECHNOLOGIES INC	1	0	obligaties
DELTA AIR LINES INC	1	1	obligaties
DELTA AIR LINES INC / SKYMILES	1	1	obligaties
DEMOCRATIC SOCIALIST REPUBLIC	1	1	obligaties
DEUTSCHE BAHN AG	1	0	obligaties
DEUTSCHE BANK AG	1	1	obligaties
DEUTSCHE TELEKOM AG	1	0	obligaties
DEVELOPMENT BANK OF KAZAKHSTAN	1	1	obligaties
DIAMOND SPORTS GROUP LLC / DIA	1	0	obligaties
DIFC SUKUK LTD	0	1	obligaties
DIGICEL GROUP HOLDINGS LTD	1	0	obligaties
DILOSK RMBS NO 3 DAC	1	0	obligaties
DIRECTV FINANCING LLC / DIRECT	0	1	obligaties
DISCOVERY INC	1	0	obligaties
DISH NETWORK CORP	1	1	obligaties
DKT HOLDINGS APS	0	1	obligaties
DOMI 2021-1 BV	1	1	obligaties
DOMINICAN REPUBLIC	1	1	obligaties
DP WORLD CRESCENT LTD	1	1	obligaties
DP WORLD LTD/UNITED ARAB EMIRA	1	0	obligaties
DS SMITH PLC	1	0	obligaties
DT MIDSTREAM INC	1	1	obligaties
DUBAI AEROSPACE ENTERPRISE DAE	1	1	obligaties
DUTCH PROPERTY FINANCE 2021-1	1	1	obligaties
DUTCH PROPERTY FINANCE 2022-1	0	1	obligaties
DVI DEUTSCHE VERMOEGENS- & IMM	0	1	obligaties
DYCOM INDUSTRIES INC	1	0	obligaties
EAST JAPAN RAILWAY CO	1	1	obligaties
EASYJET PLC	0	1	obligaties
ECOPETROL SA	1	1	obligaties
EDP - ENERGIAS DE PORTUGAL SA	0	1	obligaties
ELECTRICIDAD FIRME DE MEXICO H	1	1	obligaties
ELECTRICITE DE FRANCE SA	1	1	obligaties
ELEMENT SOLUTIONS INC	1	1	obligaties
ELI LILLY & CO	1	1	obligaties
EMIRATE OF DUBAI GOVERNMENT IN	0	1	obligaties
EMIRATES DEVELOPMENT BANK PJSC	0	1	obligaties
EMPRESA DE TRANSPORTE DE PASAJ	1	1	obligaties
EMPRESA NACIONAL DEL PETROLEO	1	1	obligaties
ENCOMPASS HEALTH CORP	1	1	obligaties
ENDEAVOR ENERGY RESOURCES LP /	1	1	obligaties
ENDO DAC / ENDO FINANCE LLC /	1	1	obligaties
ENDO LUXEMBOURG FINANCE CO I S	1	0	obligaties
ENEL SPA	1	1	obligaties
ENERGETICKY A PRUMYSLOVY HOLDI	1	0	obligaties
ENERGIZER HOLDINGS INC	1	0	obligaties
ENERGY TRANSFER LP	1	1	obligaties
ENERGY TRANSFER LP / REGENCY E	1	1	obligaties
ENGIE SA	1	0	obligaties
ENTEGRIS ESCROW CORP	0	1	obligaties
E.ON SE	1	1	obligaties
EQM MIDSTREAM PARTNERS LP	1	1	obligaties
EQT AB	0	1	obligaties
EQT CORP	1	0	obligaties
EQUINIX INC	1	1	obligaties
ESERCIZI AEROPORTUALI SEA SPA	0	1	obligaties
ESKOM HOLDINGS SOC LTD	0	1	obligaties
EUROCLEAR HOLDING SA	1	1	obligaties
EUROFINS SCIENTIFIC SE	1	1	obligaties
EUROLOGI II SARL	0	1	obligaties
EURONET WORLDWIDE INC	1	1	obligaties
EUROPEAN STABILITY MECHANISM	0	1	obligaties
EXPORT-IMPORT BANK OF INDIA	1	1	obligaties
FAGE INTERNATIONAL SA / FAGE U	1	1	obligaties
FAIRFAX FINANCIAL HOLDINGS LTD	1	1	obligaties
FAIR ISAAC CORP	0	1	obligaties
FANNIE MAE OR FREDDIE MAC	0	1	obligaties
FANTASIA HOLDINGS GROUP CO LTD	1	0	obligaties
FASTIGHETS AB BALDER	1	1	obligaties
FCC AQUALIA SA	1	1	obligaties
FEDERAL REPUBLIC OF GERMANY	1	1	obligaties
FEDERATION OF MALAYSIA	0	1	obligaties
FEDERATIVE REPUBLIC OF BRAZIL	1	1	obligaties
FERTITTA ENTERTAINMENT LLC / F	0	1	obligaties
FIDELITY NATIONAL INFORMATION	1	1	obligaties
FINANCE DEPARTMENT GOVERNMENT	0	1	obligaties
FIRSTENERGY CORP	1	1	obligaties
FIRST QUANTUM MINERALS LTD	1	1	obligaties
FLEX ACQUISITION CO INC	1	0	obligaties
FLEX INTERMEDIATE HOLDCO LLC	1	1	obligaties
FOMENTO DE CONSTRUCCIONES Y CO	1	1	obligaties
FORD MOTOR CO	1	1	obligaties
FORENET KREDIT FMBA	1	1	obligaties
FRAPORT AG FRANKFURT AIRPORT S	1	1	obligaties
FREEPORT-MCMORAN INC	1	0	obligaties
FRENCH REPUBLIC	1	1	obligaties
FRESENIUS SE & CO KGAA	1	1	obligaties
FRONTIER COMMUNICATIONS PARENT	0	1	obligaties
FUND OF NATIONAL WELFARE SAMRU	0	1	obligaties
GABON GOVERNMENT INTERNATIONAL	1	1	obligaties
GALP ENERGIA SGPS SA	1	0	obligaties
GARTNER INC	1	1	obligaties
GATES GLOBAL LLC / GATES CORP	1	1	obligaties
GAZPROM PJSC	1	0	obligaties
GENERAL ELECTRIC CO	1	1	obligaties
GENERAL MOTORS CO	1	0	obligaties
GFL ENVIRONMENTAL INC	1	1	obligaties
GLOBAL SWITCH HOLDINGS LTD	1	1	obligaties
GLOBALWORTH REAL ESTATE INVEST	1	1	obligaties
GN STORE NORD AS	0	1	obligaties
GOLD FIELDS OROGEN HOLDINGS BV	1	1	obligaties
GOLDMAN SACHS GROUP INC/THE	1	1	obligaties
GOL FINANCE SA	1	0	obligaties
GOODYEAR TIRE & RUBBER CO/THE	0	1	obligaties
GOTO GROUP INC	0	1	obligaties
GOVERNMENT OF JAMAICA/THE	0	1	obligaties
GOVERNMENT OF MONGOLIA	1	1	obligaties
GREAT HALL MORTGAGES NO 1 PLC	1	1	obligaties
GREENE KING FINANCE PLC	1	1	obligaties
GREENKO SOLAR MAURITIUS LTD	1	1	obligaties
GRIFOLS ESCROW ISSUER SA	1	1	obligaties
GROUP 1 AUTOMOTIVE INC	0	1	obligaties
GROUPAMA HOLDING SA	1	1	obligaties
GROUPE BPCE	1	1	obligaties
GROUPE BRUXELLES LAMBERT SA	1	0	obligaties
GROUPE CREDIT MUTUEL	1	1	obligaties
GRUPO AVAL LTD	1	1	obligaties
GRUPO TELEVISA SAB	0	1	obligaties
GTCR AP FINANCE INC	0	1	obligaties
HAINAN TRAFFIC ADMINISTRATION	1	0	obligaties
HANESBRANDS INC	1	0	obligaties
HASHEMITE KINGDOM OF JORDAN	0	1	obligaties
HAWAIIAN BRAND INTELLECTUAL PR	1	1	obligaties
HB FULLER CO	1	1	obligaties
HCA HEALTHCARE INC	1	0	obligaties
HEALTHEQUITY INC	1	1	obligaties
H&E EQUIPMENT SERVICES INC	1	1	obligaties
HEIMSTADEN BOSTAD TREASURY BV	0	1	obligaties
HELIOS SOFTWARE HOLDINGS INC /	1	1	obligaties
HEMSO FASTIGHETS AB	1	0	obligaties
HERC HOLDINGS INC	1	1	obligaties
HERENS HOLDCO SARL	1	1	obligaties
HESS MIDSTREAM OPERATIONS LP	1	0	obligaties
HIGHTOWER HOLDING LLC	1	1	obligaties
HILCORP ENERGY I LP / HILCORP	1	1	obligaties
HILTON WORLDWIDE HOLDINGS INC	1	1	obligaties
HNA GROUP CO LTD	0	1	obligaties
HOLDING D'INFRASTRUCTURES ET D	1	0	obligaties
HOLLY ENERGY PARTNERS LP / HOL	1	1	obligaties
HOLOGIC INC	1	0	obligaties
HP INC	0	1	obligaties
HSBC HOLDINGS PLC	1	1	obligaties
HSH BETEILIGUNGS MANAGEMENT GM	1	0	obligaties
HUARONG FINANCE 2019 CO LTD	1	1	obligaties
HUB INTERNATIONAL LTD	1	1	obligaties
HUDBAY MINERALS INC	1	1	obligaties
HUNGARY	1	1	obligaties
IAA INC	1	1	obligaties
IBERDROLA SA	1	1	obligaties
ICAHN ENTERPRISES LP / ICAHN E	1	0	obligaties
ICD FUNDING LTD	0	1	obligaties
IHEARTCOMMUNICATIONS INC	1	1	obligaties
IHO VERWALTUNGS GMBH	1	1	obligaties
ILIAD HOLDING SASU	0	1	obligaties
ILLUMINATE BUYER LLC / ILLUMIN	1	1	obligaties
IMCD NV	1	1	obligaties
IMMOFINANZ AG	1	0	obligaties
INDEPENDENT STATE OF PAPUA NEW	0	1	obligaties
INDONESIA ASAHAN ALUMINIUM PER	1	1	obligaties
INEOS LTD	1	0	obligaties
INEOS QUATTRO FINANCE 2 PLC	0	1	obligaties
INFORMA PLC	1	0	obligaties
INFRA FOCH TOPCO SAS	1	0	obligaties
INGEVITY CORP	1	1	obligaties
ING GROEP NV	1	1	obligaties
INNOPHOS HOLDINGS INC	1	1	obligaties
INRETAIL SHOPPING MALLS	1	1	obligaties
INTERCONTINENTAL HOTELS GROUP	1	1	obligaties
INTERFACE INC	1	1	obligaties
INTERNATIONAL GAME TECHNOLOGY	1	1	obligaties
INTESA SANPAOLO SPA	0	1	obligaties
INVESTOR AB	1	0	obligaties
ION INVESTMENT GROUP LTD	0	1	obligaties
ION TRADING TECHNOLOGIES SARL	1	0	obligaties
IRB HOLDING CORP	1	0	obligaties
IRIS HOLDINGS INC	1	1	obligaties
IRON MOUNTAIN INC	1	1	obligaties
ITT HOLDINGS LLC	1	1	obligaties
ITV PLC	1	1	obligaties
JAGUAR HOLDING CO II / PPD DEV	1	0	obligaties
JAMES HARDIE INTERNATIONAL FIN	1	1	obligaties
JBS USA LUX SA / JBS USA FOOD	1	0	obligaties
JCDECAUX HOLDING SAS	0	1	obligaties
JOHN LEWIS PLC	1	1	obligaties
JOHNSON CONTROLS INTERNATIONAL	1	1	obligaties
JPMORGAN CHASE & CO	1	1	obligaties
JSM GLOBAL SARL	1	1	obligaties
JUBILEE PLACE	0	1	obligaties
JUBILEE PLACE 2020-1 BV	1	1	obligaties
JYSKE BANK A/S	1	1	obligaties
KAISA GROUP HOLDINGS LTD	1	0	obligaties
KAISER ALUMINUM CORP	1	1	obligaties
KAR AUCTION SERVICES INC	1	1	obligaties
KAZAKHSTAN GOVERNMENT INTERNAT	1	1	obligaties
KAZAKHSTAN TEMIR ZHOLY FINANCE	1	1	obligaties
KAZMUNAYGAS NATIONAL CO JSC	1	1	obligaties
KAZTRANSGAS JSC	0	1	obligaties
KEMBLE WATER HOLDINGS LTD	0	1	obligaties
KEMIRA OYJ	1	1	obligaties
KENNEDY WILSON EUROPE REAL EST	1	0	obligaties
KINGDOM OF MOROCCO	1	1	obligaties
KINGDOM OF THE NETHERLANDS	1	1	obligaties
KLABIN AUSTRIA GMBH	1	0	obligaties
KOC FINANCIAL SERVICES AS	1	1	obligaties
KOJAMO OYJ	1	1	obligaties
KRAFT HEINZ CO/THE	1	1	obligaties
LADDER CAPITAL FINANCE HOLDING	1	1	obligaties
LAGARDERE SA	0	1	obligaties
LAMAR MEDIA CORP	1	0	obligaties
LAMB WESTON HOLDINGS INC	1	1	obligaties
LA MONDIALE SAM	1	1	obligaties
LANDMARK MORTGAGE SECURITIES N	1	1	obligaties
LA POSTE SA	1	0	obligaties
LAS VEGAS SANDS CORP	1	1	obligaties
LEASEPLAN CORP NV	1	0	obligaties
LEBANON GOVERNMENT INTERNATION	1	1	obligaties
LEVIATHAN BOND LTD	1	1	obligaties
LIBERTY GLOBAL PLC	1	1	obligaties
LIBERTY MEDIA CORP	1	1	obligaties
LIBERTY MUTUAL HOLDING CO INC	1	1	obligaties
LINCOLN TOPCO PTE LTD	0	1	obligaties
LITHIA MOTORS INC	0	1	obligaties
LIVE NATION ENTERTAINMENT INC	1	1	obligaties
LLOYDS BANKING GROUP PLC	1	1	obligaties
LOGICOR FINANCING SARL	1	0	obligaties
LOGMEIN INC	1	0	obligaties
LUMEN TECHNOLOGIES INC	1	1	obligaties
MACY'S RETAIL HOLDINGS LLC	1	1	obligaties
MADISON IAQ LLC	1	1	obligaties
MALDIVES SUKUK ISSUANCE LTD	0	1	obligaties
MARKS & SPENCER PLC	1	1	obligaties
MATADOR RESOURCES CO	1	1	obligaties
MATCH GROUP HOLDINGS II LLC	1	1	obligaties
MATTEL INC	1	1	obligaties
MAZOON ASSETS CO SAOC	0	1	obligaties
MDGH GMTN RSC LTD	0	1	obligaties
MEDIOBANCA BANCA DI CREDITO FI	1	0	obligaties
MEDLINE BORROWER LP	0	1	obligaties
MEDTRONIC PLC	1	1	obligaties
MERITAGE HOMES CORP	1	1	obligaties
MERLIN PROPERTIES SOCIMI SA	1	1	obligaties
METINVEST BV	1	0	obligaties
METLIFE INC	1	0	obligaties
MEXICO CITY AIRPORT TRUST	0	1	obligaties
MGIC INVESTMENT CORP	1	1	obligaties
MGM GROWTH PROPERTIES OPERATIN	1	0	obligaties
MGM RESORTS INTERNATIONAL	1	1	obligaties
MIDWEST GAMING BORROWER LLC /	1	0	obligaties
MIDWEST GAMING HOLDINGS LLC	0	1	obligaties
MILEAGE PLUS HOLDINGS LLC / MI	1	0	obligaties
MILLICOM INTERNATIONAL CELLULA	1	1	obligaties
MINERVA MERGER SUB INC	0	1	obligaties
MINMETALS BOUNTEOUS FINANCE BV	0	1	obligaties
MIRAVET SARL - COMPARTMENT 202	1	1	obligaties
MITCHELLS & BUTLERS FINANCE PL	1	0	obligaties
MIZUHO FINANCIAL GROUP INC	1	1	obligaties
MOLNLYCKE AB	0	1	obligaties
MONDI PLC	1	0	obligaties
MORGAN STANLEY	1	0	obligaties
MOTABILITY OPERATIONS GROUP PL	1	1	obligaties
MOVIDA EUROPE SA	1	0	obligaties
MOZAMBIQUE INTERNATIONAL BOND	0	1	obligaties
MOZART DEBT MERGER SUB INC	1	0	obligaties
MPT OPERATING PARTNERSHIP LP /	1	1	obligaties
MTN GROUP LTD	1	1	obligaties
MULCAIR SECURITIES DAC	1	0	obligaties
MUMTALAKAT SUKUK HOLDING CO	0	1	obligaties
MUTUELLE ASSURANCE DES COMMERC	1	1	obligaties
MYLAN NV	1	0	obligaties
NABORS INDUSTRIES LTD	1	1	obligaties
NAK NAFTOGAZ UKRAINE VIA KONDO	0	1	obligaties
NASPERS LTD	1	1	obligaties
NATIONAL GRID PLC	0	1	obligaties
NATIONWIDE BUILDING SOCIETY	1	1	obligaties
NATWEST GROUP PLC	1	1	obligaties
NAVIENT CORP	1	1	obligaties
NCL CORP LTD	1	1	obligaties
NCL FINANCE LTD	1	0	obligaties
NCR CORP	1	1	obligaties
NEDERLANDSE GASUNIE NV	0	1	obligaties
NEPI ROCKCASTLE NV	0	1	obligaties
NEPI ROCKCASTLE PLC	1	0	obligaties
NESCO HOLDINGS II INC	1	0	obligaties
NETFLIX INC	1	0	obligaties
NETWORK I2I LTD	1	1	obligaties
NEWELL BRANDS INC	1	1	obligaties
NEWGATE FUNDING PLC	1	1	obligaties
NEXT ALT SARL	1	1	obligaties
NEXTERA ENERGY OPERATING PARTN	1	1	obligaties
NFP CORP	1	1	obligaties
NIELSEN HOLDINGS PLC	1	1	obligaties
NISSAN MOTOR CO LTD	1	1	obligaties
NORDEA BANK ABP	0	1	obligaties
NORDEA KREDIT REALKREDITAKTIES	1	1	obligaties
NORSTAR HOLDINGS INC	1	0	obligaties
NORTHWEST FIBER LLC / NORTHWES	1	0	obligaties
NOVA CHEMICALS CORP	1	1	obligaties
NOVARTIS AG	1	0	obligaties
NOVELIS CORP	1	1	obligaties
NRG ENERGY INC	1	1	obligaties
NUSTAR LOGISTICS LP	1	1	obligaties
OCCIDENTAL PETROLEUM CORP	1	1	obligaties
ODYZEAN LTD	0	1	obligaties
OIL AND GAS HOLDING CO BSCC/TH	0	1	obligaties
OI MOVEL SA	1	0	obligaties
OI SA	1	0	obligaties
OLYMPUS WATER US HOLDING CORP	1	1	obligaties
OMAN GOVERNMENT INTERNATIONAL	1	1	obligaties
OMAN SOVEREIGN SUKUK CO	0	1	obligaties
OMERS ADMINISTRATION CORP	1	1	obligaties
OQ SAOC	0	1	obligaties
ORACLE CORP	1	1	obligaties
ORGANON & CO	0	1	obligaties
ORGANON & CO / ORGANON FOREIGN	1	0	obligaties
ORIENTAL REPUBLIC OF URUGUAY	1	1	obligaties
ORIFLAME HOLDING LTD	0	1	obligaties
ORIFLAME INVESTMENT HOLDING PL	1	0	obligaties
ORSTED AS	1	1	obligaties
ORTHO-CLINICAL DIAGNOSTICS INC	1	0	obligaties
OUTFRONT MEDIA CAPITAL LLC / O	1	1	obligaties
OWENS-BROCKWAY GLASS CONTAINER	1	0	obligaties
OWENS & MINOR INC	0	1	obligaties
PACCAR INC	1	0	obligaties
PACIFIC GAS AND ELECTRIC CO	1	1	obligaties
PAKISTAN WATER & POWER DEVELOP	1	1	obligaties
PARK INTERMEDIATE HOLDINGS LLC	1	1	obligaties
PAR PHARMACEUTICAL INC	1	0	obligaties
PARTNERRE LTD	1	0	obligaties
PEOPLE'S REPUBLIC OF CHINA	0	1	obligaties
PERFORMANCE FOOD GROUP INC	1	0	obligaties
PERSHING SQUARE CAPITAL MANAGE	0	1	obligaties
PERSHING SQUARE HOLDINGS LTD	1	0	obligaties
PERTAMINA PERSERO PT	1	1	obligaties
PERUSAHAAN PERSEROAN PERSERO P	1	1	obligaties
PETROLEO BRASILEIRO SA	1	0	obligaties
PETROLEOS DEL PERU SA	1	1	obligaties
PETROLEOS MEXICANOS	1	1	obligaties
PETROLIAM NASIONAL BHD	1	1	obligaties
PETSMART INC / PETSMART FINANC	1	1	obligaties
PEUGEOT INVEST	1	1	obligaties
PFIZER INC	1	0	obligaties
PG&E CORP	1	0	obligaties
PHOENIX GROUP HOLDINGS	1	1	obligaties
PICARD MIDCO INC	0	1	obligaties
PILGRIM'S PRIDE CORP	1	1	obligaties
PLANTRONICS INC	1	0	obligaties
PLURINATIONAL STATE OF BOLIVIA	0	1	obligaties
PORSCHE AUTOMOBIL HOLDING SE	0	1	obligaties
PORT & FREE ZONE WORLD FZE	0	1	obligaties
POSTE ITALIANE SPA	1	0	obligaties
POST HOLDINGS INC	1	1	obligaties
POWERCHINA ROADBRIDGE GROUP BR	0	1	obligaties
POWER SECTOR ASSETS & LIABILIT	0	1	obligaties
PRA HEALTH SCIENCES INC	1	1	obligaties
PRESTIGE BRANDS INC	1	1	obligaties
PRIME SECURITY SERVICES BORROW	0	1	obligaties
PRIMO WATER HOLDINGS INC	1	1	obligaties
PRIMROSE RESIDENTIAL 2021-1 DA	1	1	obligaties
PRIMROSE RESIDENTIAL 2022-1 DA	0	1	obligaties
PROLOGIS INC	1	1	obligaties
PROVIDENT FUNDING ASSOCIATES L	1	1	obligaties
PTC INC	1	0	obligaties
PUMA INTERNATIONAL FINANCING S	1	1	obligaties
QATAR ENERGY	1	1	obligaties
QATAR GOVERNMENT INTERNATIONAL	1	1	obligaties
QATAR INVESTMENT AUTHORITY	1	0	obligaties
QUEBECOR INC	1	1	obligaties
RADIAN GROUP INC	1	1	obligaties
RADIATE HOLDCO LLC / RADIATE F	1	1	obligaties
RAK CAPITAL	0	1	obligaties
RAKUTEN GROUP INC	1	1	obligaties
RCS & RDS SA	1	0	obligaties
REALKREDIT DANMARK A/S	1	1	obligaties
REDE D'OR FINANCE SARL	1	1	obligaties
RENAULT SA	1	1	obligaties
RENTOKIL INITIAL PLC	0	1	obligaties
REPSOL SA	1	0	obligaties
REPUBLIC OF ARMENIA	0	1	obligaties
REPUBLIC OF CHILE	1	1	obligaties
REPUBLIC OF COLOMBIA	1	1	obligaties
REPUBLIC OF COSTA RICA	1	1	obligaties
REPUBLIC OF COTE D'IVOIRE	1	1	obligaties
REPUBLIC OF CROATIA	1	1	obligaties
REPUBLIC OF ECUADOR	1	1	obligaties
REPUBLIC OF EL SALVADOR	1	1	obligaties
REPUBLIC OF GHANA	1	1	obligaties
REPUBLIC OF GUATEMALA	1	1	obligaties
REPUBLIC OF INDONESIA	1	1	obligaties
REPUBLIC OF KENYA	1	1	obligaties
REPUBLIC OF PANAMA	1	1	obligaties
REPUBLIC OF PARAGUAY	1	1	obligaties
REPUBLIC OF PERU	1	1	obligaties
REPUBLIC OF POLAND	0	1	obligaties
REPUBLIC OF SENEGAL	0	1	obligaties
REPUBLIC OF SERBIA	0	1	obligaties
REPUBLIC OF SOUTH AFRICA	1	1	obligaties
REPUBLIC OF TRINIDAD & TOBAGO	0	1	obligaties
REPUBLIC OF UZBEKISTAN INTERNA	0	1	obligaties
REPUBLIC OF ZAMBIA	0	1	obligaties
RESIDEO FUNDING INC	1	1	obligaties
RESTAURANT BRANDS INTERNATIONA	1	1	obligaties
RHP HOTEL PROPERTIES LP / RHP	1	0	obligaties
RITCHIE BROS AUCTIONEERS INC	1	1	obligaties
RLJ LODGING TRUST LP	1	0	obligaties
ROADSTER FINANCE DAC	1	1	obligaties
ROBLOX CORP	0	1	obligaties
ROCKET MORTGAGE LLC / ROCKET M	1	1	obligaties
ROCKIES EXPRESS PIPELINE LLC	1	1	obligaties
ROCKPOINT GAS STORAGE CANADA L	1	0	obligaties
ROMANIA	1	1	obligaties
RONGSHI INTERNATIONAL FINANCE	0	1	obligaties
ROYAL CARIBBEAN CRUISES LTD	1	1	obligaties
RP ESCROW ISSUER LLC	1	0	obligaties
RWANDA INTERNATIONAL GOVERNMEN	0	1	obligaties
RYANAIR HOLDINGS PLC	1	0	obligaties
RYAN SPECIALTY GROUP LLC	0	1	obligaties
SABRE CORP	1	1	obligaties
SAGAX AB	1	1	obligaties
SAMHALLSBYGGNADSBOLAGET I NORD	1	1	obligaties
SANTO DOMINGO GROUP	1	1	obligaties
SBA COMMUNICATIONS CORP	1	0	obligaties
SCENTRE GROUP	1	0	obligaties
SCIENTIFIC GAMES HOLDINGS LP/S	0	1	obligaties
SCIENTIFIC GAMES INTERNATIONAL	1	1	obligaties
SCOTTISH WIDOWS LTD	1	1	obligaties
SCOTTS MIRACLE-GRO CO/THE	1	1	obligaties
SCRIPPS ESCROW II INC	1	1	obligaties
SCRIPPS ESCROW INC	1	1	obligaties
SEB SA	1	1	obligaties
SEGRO CAPITAL SARL	1	0	obligaties
SEGRO EUROPEAN LOGISTICS PARTN	1	1	obligaties
SELECT MEDICAL CORP	1	0	obligaties
SELECT MEDICAL HOLDINGS CORP	0	1	obligaties
SENSATA TECHNOLOGIES BV	0	1	obligaties
SERVICE PROPERTIES TRUST	1	0	obligaties
SHARJAH SUKUK LTD	0	1	obligaties
SHARJAH SUKUK PROGRAM LTD	0	1	obligaties
SHEA HOMES LP / SHEA HOMES FUN	1	0	obligaties
SHIFT4 PAYMENTS LLC / SHIFT4 P	1	1	obligaties
SILFIN NV	0	1	obligaties
SIMMONS FOODS INC/SIMMONS PREP	1	1	obligaties
SIMON PROPERTY GROUP INC	1	1	obligaties
SINOCHEM GROUP CO LTD	0	1	obligaties
SIRIUS REAL ESTATE LTD	1	1	obligaties
SIX FLAGS ENTERTAINMENT CORP	1	1	obligaties
SIX FLAGS THEME PARKS INC	1	1	obligaties
SKY LTD	1	0	obligaties
SM ENERGY CO	1	0	obligaties
SMURFIT KAPPA GROUP PLC	1	1	obligaties
SOCIETE GENERALE SA	0	1	obligaties
SOFINA SA	1	1	obligaties
SOFTBANK GROUP CORP	1	0	obligaties
SOUTHERN GAS CORRIDOR CJSC	0	1	obligaties
SOUTHWESTERN ENERGY CO	1	1	obligaties
SOVCOMBANK VIA SOVCOM CAPITAL	1	0	obligaties
SPCM SA	1	0	obligaties
SPECTRUM BRANDS HOLDINGS INC	1	1	obligaties
SPIC MTN CO LTD	0	1	obligaties
SPRINGLEAF FINANCE INC	1	1	obligaties
SRS DISTRIBUTION INC	1	1	obligaties
SSE PLC	1	1	obligaties
STANDARD CHARTERED PLC	1	1	obligaties
STANDARD INDUSTRIES INC/NJ	0	1	obligaties
STAPLES INC	1	1	obligaties
STATE GRID CORP OF CHINA	1	1	obligaties
STATE OF KUWAIT	0	1	obligaties
STATE OF THE GRAND-DUCHY OF LU	1	1	obligaties
STATE OIL CO OF THE AZERBAIJAN	1	1	obligaties
STELLANTIS NV	1	0	obligaties
STEVENS HOLDING CO INC	1	1	obligaties
STRATTON MORTGAGE FUNDING	1	1	obligaties
STRYKER CORP	1	0	obligaties
SUEZ SACA	0	1	obligaties
SUNAC CHINA HOLDINGS LTD	1	0	obligaties
SUNOCO LP	1	0	obligaties
SUOMI POWER NETWORKS TOPCO BV	1	1	obligaties
SURGERY CENTER HOLDINGS INC	1	0	obligaties
SURGERY PARTNERS INC	0	1	obligaties
SUZANO AUSTRIA GMBH	1	0	obligaties
SVENSKA HANDELSBANKEN AB	1	0	obligaties
SWISS RE AG	1	1	obligaties
SWITCH LTD	1	1	obligaties
TAKEDA PHARMACEUTICAL CO LTD	1	0	obligaties
TARGA RESOURCES CORP	1	1	obligaties
TAYLOR MORRISON COMMUNITIES IN	1	1	obligaties
TBC BANK JSC	1	0	obligaties
TELECOM ITALIA SPA/MILANO	1	1	obligaties
TELEFLEX INC	1	1	obligaties
TELEFONICA SA	1	1	obligaties
TEMPO ACQUISITION LLC / TEMPO	1	1	obligaties
TEMPUR SEALY INTERNATIONAL INC	1	1	obligaties
TENET HEALTHCARE CORP	1	1	obligaties
TENNECO INC	1	1	obligaties
TERRAFORM POWER OPERATING LLC	1	0	obligaties
TESCO PLC	1	0	obligaties
TEVA PHARMACEUTICAL FINANCE CO	1	1	obligaties
TEVA PHARMACEUTICAL INDUSTRIES	1	1	obligaties
THAMES WATER UTILITIES FINANCE	1	0	obligaties
THERMO FISHER SCIENTIFIC INC	0	1	obligaties
THOMSON REUTERS CORP	1	0	obligaties
THREE GORGES FINANCE I CAYMAN	0	1	obligaties
TIVANA TOPCO SA	1	1	obligaties
TK ELEVATOR HOLDCO GMBH	1	1	obligaties
TK ELEVATOR US NEWCO INC	1	1	obligaties
TORNATOR OYJ	1	0	obligaties
TOTALENERGIES SE	1	1	obligaties
TOWD POINT MORTGAGE FUNDING 20	1	1	obligaties
TP ICAP FINANCE PLC	0	1	obligaties
TRANSDIGM GROUP INC	1	1	obligaties
TRANSMONTAIGNE PARTNERS LP / T	1	0	obligaties
TRANSOCEAN GUARDIAN LTD	1	1	obligaties
TRANSOCEAN SENTRY LTD	1	1	obligaties
TRI POINTE GROUP INC / TRI POI	1	0	obligaties
TRI POINTE HOMES INC	1	0	obligaties
TRIVIUM PACKAGING FINANCE BV	1	1	obligaties
TULLOW OIL PLC	1	1	obligaties
TUNISIAN REPUBLIC	0	1	obligaties
TWIN BRIDGES 2021-1 PLC	1	1	obligaties
UAE INTERNATIONAL GOVERNMENT B	0	1	obligaties
UBER TECHNOLOGIES INC	1	1	obligaties
UBISOFT ENTERTAINMENT SA	1	1	obligaties
UBS GROUP AG	1	1	obligaties
UKRAINE	1	1	obligaties
UNICREDIT SPA	1	1	obligaties
UNIFRAX ESCROW ISSUER CORP	1	0	obligaties
UNIONE DI BANCHE ITALIANE SPA	1	0	obligaties
UNIQUE PUB FINANCE CO PLC/THE	1	0	obligaties
UNITED AIRLINES HOLDINGS INC	0	1	obligaties
UNITED AIRLINES INC	1	0	obligaties
UNITED MEXICAN STATES	0	1	obligaties
UNITED RENTALS INC	1	1	obligaties
UNITY 1 SUKUK LTD	0	1	obligaties
UNIVISION COMMUNICATIONS INC	1	0	obligaties
USA COMPRESSION PARTNERS LP /	1	1	obligaties
US FOODS INC	1	1	obligaties
USI ADVANTAGE CORP	0	1	obligaties
USI INC/NY	1	0	obligaties
UZBEKNEFTEGAZ JSC	0	1	obligaties
VALEO	1	1	obligaties
VEDANTA RESOURCES FINANCE II P	1	0	obligaties
VEDANTA RESOURCES LTD	1	0	obligaties
VENTURE GLOBAL CALCASIEU PASS	1	1	obligaties
VERSCEND ESCROW CORP	1	1	obligaties
VESTEDA RESIDENTIAL FUND FGR	1	0	obligaties
VIATRIS INC	0	1	obligaties
VICI PROPERTIES LP / VICI NOTE	1	1	obligaties
VIKING CRUISES LTD	1	0	obligaties
VIKING OCEAN CRUISES SHIP VII	1	0	obligaties
VILMORIN & CIE SA	1	1	obligaties
VISTRA OPERATIONS CO LLC	1	0	obligaties
VMED O2 UK FINANCING I PLC	1	1	obligaties
VMWARE INC	0	1	obligaties
VODAFONE GROUP PLC	1	1	obligaties
VODAFONEZIGGO EMPLOYMENT BV	1	1	obligaties
VODAFONEZIGGO GROUP HOLDING BV	1	1	obligaties
VOLKSWAGEN AG	1	0	obligaties
VOLKSWAGEN FINANCIAL SERVICES	1	0	obligaties
VOLT PARENT LP	1	0	obligaties
VONOVIA SE	1	1	obligaties
VOTORANTIM PARTICIPACOES SA	1	0	obligaties
VZ SECURED FINANCING BV	0	1	obligaties
WARNERMEDIA HOLDINGS INC	0	1	obligaties
WASTE PRO USA INC	1	1	obligaties
WEA FINANCE LLC / WESTFIELD UK	1	1	obligaties
WELLS FARGO & CO	1	1	obligaties
WESCO DISTRIBUTION INC	1	1	obligaties
WESTERN MIDSTREAM OPERATING LP	1	1	obligaties
WESTINGHOUSE AIR BRAKE TECHNOL	1	1	obligaties
WHITE CAP BUYER LLC	1	1	obligaties
WOOLWORTHS GROUP LTD	1	0	obligaties
WORLEY LTD	1	1	obligaties
WP CAREY INC	1	1	obligaties
WR GRACE HOLDINGS LLC	1	1	obligaties
WYNDHAM HOTELS & RESORTS INC	1	1	obligaties
WYNN LAS VEGAS LLC / WYNN LAS	1	1	obligaties
WYNN RESORTS FINANCE LLC / WYN	1	1	obligaties
YORKSHIRE BUILDING SOCIETY	1	0	obligaties
YPF SA	1	1	obligaties
YUM! BRANDS INC	0	1	obligaties
YUZHOU GROUP HOLDINGS CO LTD	1	0	obligaties
ZAPADOSLOVENSKA ENERGETIKA AS	1	1	obligaties
ZAYO GROUP HOLDINGS INC	1	1	obligaties
ZHENRO PROPERTIES GROUP LTD	1	0	obligaties
ZIMMER BIOMET HOLDINGS INC	1	0	obligaties
ZOOMINFO TECHNOLOGIES LLC/ZOOM	1	1	obligaties
ACHMEA VASTGOED FONDS	1	1	alternatief
ADVENT INT	1	0	alternatief
ADVENT INT GPE	0	1	alternatief
AMVEST RESIDENTIAL CORE FUND	1	1	alternatief
ARDIAN LBO	1	0	alternatief
ASR DUTCH CORE RESIDENTIAL FUND	1	1	alternatief
AXA CO INVESTMENT FUND II	1	1	alternatief
AXA EARLY SECONDARY FUND III-1	1	1	alternatief
AXA FOF II (EU)	1	0	alternatief
AXA INFRASTRUCTURE FUND III	1	1	alternatief
AXA PRIVATE EQUITY FOF II (AM)	1	1	alternatief
AXA SECONDARY FUND V	1	1	alternatief
AXA SF VI	1	0	alternatief
BARCLAYS PEEF	1	0	alternatief
BC EC X	1	0	alternatief
BC EUROPEAN CAPITAL IX	1	1	alternatief
BNP PARIBAS SHOPPING PROPERTY	1	1	alternatief
BOUWINVEST DUTCH INSTITUTIONAL RETAIL FD	1	1	alternatief
BOUWINVEST NL INS RES FD	1	1	alternatief
BR ICS-EURO LIQ-PREM ACC T0	1	1	alternatief
B&S ELECTRA ITALIAN PRIVATE	1	1	alternatief
CAPVIS EQUITY II LP	1	1	alternatief
CBRE DUTCH OFFICE FUND I	1	1	alternatief
CBRE DUTCH RETAIL FUND I	1	1	alternatief
CCM P III	1	0	alternatief
CIM FUND	0	1	alternatief
CIM FUND III	1	0	alternatief
CINVEN FUND	1	1	alternatief
CINVEN V	1	0	alternatief
COBALT INVESTMENT FCPR	1	1	alternatief
COLLER	1	0	alternatief
CSFB STRATEGIC PARTNERS III LP	1	1	alternatief
CVC EUROPEAN EQUITY PARTNERS V	1	1	alternatief
CVC IV	1	0	alternatief
CVC TANDEM	1	0	alternatief
DBAG FUND V INTL	1	1	alternatief
DBAG VII	1	0	alternatief
DIF INFRASTRUCTURE III	1	1	alternatief
EQUISTONE	1	0	alternatief
FIRST STATE EURODIVERSIFIED INFRA FD	1	0	alternatief
FIRST STATE EUROPE DIVERSIFIED INFRA FD	0	1	alternatief
GREENPARK FUND	1	1	alternatief
GRESHAM IV A	1	1	alternatief
GS EURO LIQ RES-INST ACC T	1	1	alternatief
HGCAPITAL	1	0	alternatief
HIPEP IV - EUROPEAN BUYOUT	1	1	alternatief
HIPEP IV EUROPEAN VENTURE	1	1	alternatief
HUH US REAL ESTATE INCOME FUND	1	1	alternatief
ING CLARION FUND USA	1	1	alternatief
JPM EUR LIQ LVNAV-INST	1	0	alternatief
JPML EUR LIQ LVNAV-INST	0	1	alternatief
KKR EUROPEAN FUND II	1	1	alternatief
MACQUIRE EUROPEAN	1	1	alternatief
M&G EUROPEAN PROPERTY FUND SICAV-FIS	0	1	alternatief
MORGAN STANLEY PRIME PROPERTY FUND	1	1	alternatief
NB CO-INVEST	1	0	alternatief
NBRP I	1	0	alternatief
NEUBERGER BERMAN RENAISSANCE PARTNERS III	1	1	alternatief
NEWBURY	1	0	alternatief
NEWBURY EQUITY PARTNERS II LP	1	1	alternatief
NORDIC CAPITAL	1	0	alternatief
NORDIC CAPITAL VI LIMITED	0	1	alternatief
NORDIC CAPITAL V LP	0	1	alternatief
NORVESTOR VII	1	0	alternatief
NORVESTOR VIII	1	1	alternatief
NUVEEN REAL ESTATE EUROPEAN CITIES FUND	1	1	alternatief
PAI EURO	1	0	alternatief
PAI EUROPE	0	1	alternatief
PAI SP	1	0	alternatief
PE ARDIAN LBO	0	1	alternatief
PE AXA FOF II (EU)	0	1	alternatief
PE AXA SF VI	0	1	alternatief
PE BARCLAYS PEEF	0	1	alternatief
PE BC EC X	0	1	alternatief
PE CCM P III	0	1	alternatief
PE CINVEN V	0	1	alternatief
PE COLLER	0	1	alternatief
PE CVC	0	1	alternatief
PE DBAG VII MAIN	0	1	alternatief
PE DBAG VII TOP-UP	0	1	alternatief
PE EQUISTONE	0	1	alternatief
PE HGCAPITAL VIII	0	1	alternatief
PE HGCAP IX	0	1	alternatief
PE NB CO-INVEST	0	1	alternatief
PE NBRP I	0	1	alternatief
PE NEWBURY	0	1	alternatief
PE NORVESTOR VII	0	1	alternatief
PE PAI	0	1	alternatief
PERMIRA EUROIII L P 2	1	0	alternatief
PERMIRA EUROPE III L P 2	0	1	alternatief
PE SG DOF III (F)	0	1	alternatief
PE SILVERFLEET II	0	1	alternatief
PE TRILANTIC V EUR	0	1	alternatief
PE TRITON V	0	1	alternatief
PNO Media Co-Investment Fund 2021	1	0	alternatief
PNO MEDIA CO-INVESTMENT FUND 2021	0	1	alternatief
PNO MEDIA CO-INVESTMENT FUND 2022	0	1	alternatief
PNO MEDIA PRIMARY FUND 2021	0	1	alternatief
PNO MEDIA PRIMARY FUND 2022	0	1	alternatief
PNO Media Secondary Fund 2021	1	0	alternatief
PNO MEDIA SECONDARY FUND 2021	0	1	alternatief
PNO MEDIA SECONDARY FUND 2022	0	1	alternatief
PROLOGIS TARGETED EUROPE	1	1	alternatief
RREEF PAN EUROPEAN INFR. FUND	1	1	alternatief
SG DOF III (F)	1	0	alternatief
SILVERFLEET II	1	0	alternatief
SNS INST MIRCOFINANCE FUND 2	1	1	alternatief
STANDARD LIFE EUROPEAN	1	1	alternatief
SYNTRUS ACHMEA PARTICULIER	1	1	alternatief
TRILANTIC V EUR	1	0	alternatief
TRITON FUND IV	1	1	alternatief
TRITON V	1	0	alternatief
VESTEDA	1	1	alternatief
Vitruvian Investment Partnership IV	1	0	alternatief
VITRUVIAN INVESTMENT PARTNERSHIP IV	0	1	alternatief
