AEROSPACE/DEFENSE	Arconic Inc.	Verenigde Staten	10322864
AEROSPACE/DEFENSE	Bombardier Inc.	Canada	10771160
AEROSPACE/DEFENSE	F-brasile S.P.A.	Italië	312767
AEROSPACE/DEFENSE	Rolls-Royce Holdings plc	Verenigd Koninkrijk	4327248
AEROSPACE/DEFENSE	Spirit AeroSystems Holdings, Inc.	Verenigde Staten	1864224
AEROSPACE/DEFENSE	TransDigm Group Incorporated	Verenigde Staten	31772482
AEROSPACE/DEFENSE	Triumph Group, Inc.	Verenigde Staten	489088
AIRLINES	American Airlines Group Inc.	Verenigde Staten	6070613
AIRLINES	American Airlines Inc/AAdvantage Loyalty IP Ltd	Verenigde Staten	7906229
AIRLINES	Delta Air Lines, Inc.	Verenigde Staten	8313391
AIRLINES	Deutsche Lufthansa AG	Duitsland	8027664
AIRLINES	Doric Nimrod Air Finance Alpha Limited	Guernsey	8518395
AIRLINES	easyJet plc	Verenigd Koninkrijk	14673025
AIRLINES	Hawaiian Brand Intellectual Property Ltd / HawaiianMiles Loyalty Ltd	Verenigde Staten	6691131
AIRLINES	International Consolidated Airlines Group, S.A.	Spanje	978228
AIRLINES	Ryanair Holdings plc	Ierland	18144064
AIRLINES	Skymiles Ip Ltd.	Verenigde Staten	4952280
AIRLINES	Spirit IP Cayman Ltd.	Verenigde Staten	471309
AIRLINES	United Airlines 2020-1A Pass Through Trusts	Verenigde Staten	336882
AIRLINES	United Airlines Holdings, Inc.	Verenigde Staten	13442890
AIRLINES	Virgin Australia Holdings Limited	Australië	29537
AIRLINES	Vistajet Group Holding Limited	Zwitserland	773046
AUTOMOTIVE	Acek Desarrollo Y Gestion Industrial S.L.	Spanje	1695145
AUTOMOTIVE	Adient plc	Ierland	6570587
AUTOMOTIVE	Alfa, S.A.B. de C.V.	Mexico	99689113
AUTOMOTIVE	Allison Transmission Holdings, Inc.	Verenigde Staten	5354224
AUTOMOTIVE	American Axle & Manufacturing Holdings, Inc.	Verenigde Staten	1497507
AUTOMOTIVE	American Axle & Manufacturing Inc	Verenigde Staten	783600
AUTOMOTIVE	Bayerische Motoren Werke Aktiengesellschaft	Duitsland	63662012
AUTOMOTIVE	Clarios International Inc.	Canada	8421570
AUTOMOTIVE	Daimler AG	Duitsland	114688404
AUTOMOTIVE	Dakar Acquisition Sa	Verenigde Staten	2534495
AUTOMOTIVE	Dana Incorporated	Verenigde Staten	593699
AUTOMOTIVE	Dealer Tire, LLC	Verenigde Staten	638060
AUTOMOTIVE	Faurecia S.E.	Frankrijk	10451415
AUTOMOTIVE	Ford Motor Company	Verenigd Koninkrijk	108358796
AUTOMOTIVE	Geely Automobile Holdings Limited	China	40192161
AUTOMOTIVE	Grupo Antolín-Irausa, S.A.	Spanje	3985416
AUTOMOTIVE	IAA, Inc.	Verenigde Staten	3170495
AUTOMOTIVE	INA-Holding Schaeffler GmbH & Co. KG	Duitsland	8779544
AUTOMOTIVE	J.B. Poindexter & Co., Inc.	Verenigde Staten	6585061
AUTOMOTIVE	KAR Auction Services, Inc.	Verenigde Staten	5640243
AUTOMOTIVE	LKQ Corporation	Verenigde Staten	190220
AUTOMOTIVE	Mahle Stiftung GmbH	Duitsland	4476479
AUTOMOTIVE	Navistar International Corporation	Verenigde Staten	2537385
AUTOMOTIVE	PM General Purchaser LLC	Verenigde Staten	1394962
AUTOMOTIVE	Porsche Automobil Holding SE	Duitsland	236248514
AUTOMOTIVE	Real Hero Merger Sub 2 Inc	Verenigde Staten	651505
AUTOMOTIVE	Renault SA	Frankrijk	4619896
AUTOMOTIVE	SK HoldCo LLC	Verenigde Staten	2222502
AUTOMOTIVE	Stellantis N.V.	Italië	123163092
AUTOMOTIVE	Tata Motors Limited	India	7530630
AUTOMOTIVE	Tenneco Inc.	Verenigde Staten	9147003
AUTOMOTIVE	Tesla, Inc.	Verenigde Staten	2934695
AUTOMOTIVE	The Goodyear Tire & Rubber Company	Verenigde Staten	7935779
AUTOMOTIVE	Toyota Motor Corporation	Australië	77326520
AUTOMOTIVE	Valeo SA	Frankrijk	1835442
AUTOMOTIVE	Volkswagen Financial Services AG	Duitsland	2698109
AUTOMOTIVE	Wabash National Corporation	Verenigde Staten	4926276
AUTOMOTIVE	Wheel Pros Inc	Verenigde Staten	737178
AUTOMOTIVE	ZF Finance GmbH	Duitsland	15795296
AUTOMOTIVE	ZF Friedrichshafen AG	Duitsland	1029515
AUTOMOTIVE	Zhejiang Geely Holding Group	China	1365726
BANKING	Ally Financial Inc.	Verenigde Staten	1291259
BANKING	Ally Financial Inc	Verenigde Staten	638134
BANKING	Banca Monte dei Paschi di Siena S.p.A.	Italië	6035412
BANKING	Banco Bilbao Vizcaya Argentaria, S.A.	Mexico	40913894
BANKING	Bancolombia S.A.	Colombia	78848353
BANKING	Banco Santander, S.A.	Spanje	125969907
BANKING	Bank of America Corporation	Verenigde Staten	30962328
BANKING	Bank of Communications Co., Ltd.	China	23977974
BANKING	Barclays PLC	Verenigd Koninkrijk	42787870
BANKING	BNP Paribas SA	Frankrijk	159802538
BANKING	CIT Group Inc.	Verenigde Staten	752423
BANKING	Citigroup Inc.	Verenigde Staten	2927098
BANKING	Credicorp Ltd.	Bermuda	33411173
BANKING	Crédit Agricole Group	Frankrijk	31645030
BANKING	Crédit Mutuel Group	Frankrijk	105942296
BANKING	Credit Suisse Group AG	Zwitserland	33868364
BANKING	DBS Group Holdings Ltd	Singapore	56301565
BANKING	Deutsche Bank Aktiengesellschaft	Duitsland	64794669
BANKING	Goldman Sachs Group Inc/The	Verenigde Staten	43777010
BANKING	HSBC Holdings plc	Frankrijk	9598418
BANKING	ING Groep N.V.	Nederland	94313219
BANKING	Intesa Sanpaolo S.p.A.	Italië	38063559
BANKING	JPMorgan Chase & Co.	Verenigde Staten	24845476
BANKING	Lloyds Banking Group plc	Verenigd Koninkrijk	53423640
BANKING	Morgan Stanley	Verenigde Staten	60413124
BANKING	National Australia Bank Limited	Australië	13164507
BANKING	National Bank of Kuwait S.A.K.P.	Koeweit	6813166
BANKING	Natwest Group PLC	Verenigd Koninkrijk	15439271
BANKING	NBK Tier 1 Limited	Koeweit	38124006
BANKING	NN Group N.V.	Nederland	17388111
BANKING	Nordea Bank Abp	Finland	44739794
BANKING	Oversea-Chinese Banking Corporation Limited	Singapore	34370332
BANKING	Redhill Famco Ltd	Verenigd Koninkrijk	2486878
BANKING	Riyad Sukuk Limited	Saoedi-Arabië	41476789
BANKING	Société Générale Société anonyme	Frankrijk	427733537
BANKING	Svenska Handelsbanken AB (publ)	Zweden	72119601
BANKING	The Goldman Sachs Group, Inc.	Verenigde Staten	15992094
BANKING	The Royal Bank of Scotland Group plc	Verenigd Koninkrijk	27294216
BANKING	UBS Group AG	Zwitserland	54161867
BANKING	UniCredit S.p.A.	Italië	54290551
BANKING	United Overseas Bank Limited	Singapore	45909081
BANKING	Woori Financial Group Inc.	Zuid-Korea	55069394
BROKERAGE_ASSETMANAGERS_EXCHANGES	Advisor Group Holdings, Inc.	Verenigde Staten	491675
BROKERAGE_ASSETMANAGERS_EXCHANGES	Ag Issuer Llc	Verenigde Staten	1612925
BROKERAGE_ASSETMANAGERS_EXCHANGES	Aretec Escrow Issuer Inc	Verenigde Staten	1590688
BROKERAGE_ASSETMANAGERS_EXCHANGES	Compass Diversified	Verenigde Staten	919573
BROKERAGE_ASSETMANAGERS_EXCHANGES	Hightower Holding LLC	Verenigde Staten	1699188
BROKERAGE_ASSETMANAGERS_EXCHANGES	Hunt Companies, Inc.	Verenigde Staten	10907838
BROKERAGE_ASSETMANAGERS_EXCHANGES	Jefferies Finance LLC	Verenigde Staten	7913429
BROKERAGE_ASSETMANAGERS_EXCHANGES	LPL Financial Holdings Inc.	Verenigde Staten	9114834
BROKERAGE_ASSETMANAGERS_EXCHANGES	NFP Ultimate Holdings, LLC	Verenigde Staten	19251832
BUILDING_MATERIALS	ABC Supply Holding Corp.	Verenigde Staten	6868017
BUILDING_MATERIALS	Advanced Drainage Systems, Inc.	Verenigde Staten	447395
BUILDING_MATERIALS	BCPE Ulysses Intermediate Inc	Verenigde Staten	470048
BUILDING_MATERIALS	Bcpe Ulysses Merger Subordinated LLC	Verenigde Staten	867517
BUILDING_MATERIALS	Beacon Roofing Supply, Inc.	Verenigde Staten	7245867
BUILDING_MATERIALS	Builders FirstSource, Inc.	Verenigde Staten	2313054
BUILDING_MATERIALS	Cd&R Waterworks Merger Subordinated Llc	Verenigde Staten	2855105
BUILDING_MATERIALS	CEMEX, S.A.B. de C.V.	Mexico	46582944
BUILDING_MATERIALS	Compagnie de Saint-Gobain S.A.	Frankrijk	18733117
BUILDING_MATERIALS	Cornerstone Building Brands, Inc.	Verenigde Staten	570605
BUILDING_MATERIALS	CP ATLAS BUYER, INC.	Verenigde Staten	2284189
BUILDING_MATERIALS	CRH plc	Ierland	33593308
BUILDING_MATERIALS	Foundation Building Materials, Inc.	Verenigde Staten	542796
BUILDING_MATERIALS	G Holdings Inc.	Verenigde Staten	11407421
BUILDING_MATERIALS	GMS Inc.	Verenigde Staten	993628
BUILDING_MATERIALS	HeidelbergCement AG	Duitsland	21895778
BUILDING_MATERIALS	Holcim Finance Luxembourg SA	Zwitserland	54559979
BUILDING_MATERIALS	HT TROPLAST GmbH	Duitsland	3916915
BUILDING_MATERIALS	Huaxin Cement Intl Finance Comp Ltd	China	28953197
BUILDING_MATERIALS	Interface, Inc.	Verenigde Staten	1464218
BUILDING_MATERIALS	James Hardie Industries plc	Verenigde Staten	762928
BUILDING_MATERIALS	JELD-WEN Holding, Inc.	Canada	3031571
BUILDING_MATERIALS	LafargeHolcim Ltd	Zwitserland	1379688
BUILDING_MATERIALS	Masonite International Corporation	Verenigde Staten	3772793
BUILDING_MATERIALS	New Enterprise Stone & Lime Co., Inc.	Verenigde Staten	13425063
BUILDING_MATERIALS	Park River Holdings Inc	Verenigde Staten	756946
BUILDING_MATERIALS	Patrick Industries, Inc.	Verenigde Staten	1673643
BUILDING_MATERIALS	Pfleiderer Group Spólka Akcyjna	Polen	3068290
BUILDING_MATERIALS	PGT Innovations, Inc.	Verenigde Staten	1524777
BUILDING_MATERIALS	Specialty Building Products Holdings LLC	Verenigde Staten	1217326
BUILDING_MATERIALS	Srm Escrow Issuer LLC	Verenigde Staten	1743161
BUILDING_MATERIALS	SRS Distribution Inc.	Verenigde Staten	4932476
BUILDING_MATERIALS	Summit Inc.	Verenigde Staten	2741753
BUILDING_MATERIALS	Travis Perkins plc	Verenigd Koninkrijk	2208460
BUILDING_MATERIALS	Victoria plc	Verenigd Koninkrijk	3969629
BUILDING_MATERIALS	Victors Merger Corp	Verenigde Staten	695466
BUILDING_MATERIALS	Vulcan Materials Company	Verenigde Staten	719004
BUILDING_MATERIALS	White Cap Buyer, LLC	Verenigde Staten	3456599
BUILDING_MATERIALS	White Cap Parent LLC	Verenigde Staten	1128061
CABLE_SATELLITE	Altice Financing SA	Luxemburg	1708776
CABLE_SATELLITE	BC Partners	Nederland	4666206
CABLE_SATELLITE	Cable One, Inc.	Verenigde Staten	448284
CABLE_SATELLITE	CFC Group Limited	Verenigd Koninkrijk	1274134
CABLE_SATELLITE	Charter Communications, Inc.	Verenigde Staten	45248921
CABLE_SATELLITE	Comcast Corporation	Verenigd Koninkrijk	37104362
CABLE_SATELLITE	DISH Network Corporation	Verenigde Staten	9722710
CABLE_SATELLITE	EchoStar Corporation	Verenigde Staten	1701548
CABLE_SATELLITE	Intelsat S.A.	Luxemburg	1274975
CABLE_SATELLITE	LCPR Senior Secured Financing Design Actv Comp	Ierland	7800585
CABLE_SATELLITE	Les Placements Peladeau, Inc.	Canada	1988566
CABLE_SATELLITE	Liberty Global plc	België	54321390
CABLE_SATELLITE	Liberty Latin America Ltd.	Bermuda	82738611
CABLE_SATELLITE	Liberty Media Corporation	Verenigde Staten	21748626
CABLE_SATELLITE	Loral Space & Communications Inc.	Canada	3697809
CABLE_SATELLITE	Maples and Calder (Cayman)	Nederland	2410777
CABLE_SATELLITE	Midcontinent Communications	Verenigde Staten	713373
CABLE_SATELLITE	Organizações Globo Participações S.A.	Brazilië	35395228
CABLE_SATELLITE	Radiate TopCo	Verenigde Staten	7789378
CABLE_SATELLITE	SES S.A.	Luxemburg	4712606
CABLE_SATELLITE	Tele Columbus AG	Duitsland	893881
CABLE_SATELLITE	United Group B.V.	Nederland	2906857
CABLE_SATELLITE	Virgin Media Vendor Financing Notes III Design Act	Ierland	4999167
CABLE_SATELLITE	Virgin Media Vendor Financing Notes IV Design Actv	Ierland	308979
CABLE_SATELLITE	Vodafone Group Plc	Nederland	54641274
CABLE_SATELLITE	Vodafone International 1 Sarl	Nederland	1971850
CABLE_SATELLITE	VZ Vendor Financing II B.V.	Nederland	5743212
CHEMICALS	Ashland Global Holdings Inc.	Verenigde Staten	2707498
CHEMICALS	Avient Corporation	Verenigde Staten	649505
CHEMICALS	Axalta Coating Systems Ltd.	Bermuda	3225306
CHEMICALS	Braskem S.A.	Mexico	15931183
CHEMICALS	CeramTec BondCo GmbH	Guernsey	544078
CHEMICALS	Cornerstone Chemical Company	Verenigde Staten	428981
CHEMICALS	CVR Partners LP / CVR Nitrogen Finance Corp	Verenigde Staten	418032
CHEMICALS	Element Solutions Inc	Verenigde Staten	2027734
CHEMICALS	FTF Galleon S.A.	Luxemburg	28842159
CHEMICALS	H.B. Fuller Company	Verenigde Staten	1878090
CHEMICALS	Herens Midco S.à r.l.	Luxemburg	2332608
CHEMICALS	ICL Group Ltd	Israël	28959348
CHEMICALS	Illuminate Buyer, LLC	Verenigde Staten	2151148
CHEMICALS	INEOS Limited	Luxemburg	15023833
CHEMICALS	Ingevity Corporation	Verenigde Staten	5379839
CHEMICALS	Iris Holdings Inc	Verenigde Staten	1375869
CHEMICALS	Iris Parent LLC	Verenigde Staten	3599497
CHEMICALS	Kraton Corporation	Verenigde Staten	302714
CHEMICALS	K+S Aktiengesellschaft	Duitsland	168823
CHEMICALS	Linea Ltd.	Zwitserland	26552632
CHEMICALS	Methanex Corporation	Canada	323128
CHEMICALS	Minerals Technologies Inc.	Verenigde Staten	6948855
CHEMICALS	Nouryon Cooperatief U.A.	Nederland	3953964
CHEMICALS	Nufarm Limited	Australië	307013
CHEMICALS	OCI N.V.	Nederland	3759818
CHEMICALS	Olin Corporation	Verenigde Staten	2768673
CHEMICALS	PhosAgro Bond Funding Limited	Rusland	26960098
CHEMICALS	Polar US Borrower LLC / Schenectady International Group Inc	Kaaimaneilanden	710048
CHEMICALS	PQ Group Holdings Inc.	Verenigde Staten	1777207
CHEMICALS	PT. Chandra Asri Petrochemical Tbk	Indonesië	23381432
CHEMICALS	Sasol Limited	Zuid-Afrika	56591257
CHEMICALS	SCIH Salt Holdings Inc	Verenigde Staten	2527487
CHEMICALS	SGL Carbon SE	Duitsland	1105407
CHEMICALS	Solvay SA	België	6279355
CHEMICALS	S.P.C.M. SA	Frankrijk	5246186
CHEMICALS	Synthomer plc	Verenigd Koninkrijk	1466994
CHEMICALS	TPC Group Inc	Verenigde Staten	837669
CHEMICALS	Trinseo S.A.	Luxemburg	2930926
CHEMICALS	Tronox Holdings plc	Verenigd Koninkrijk	1347170
CHEMICALS	Univar Solutions Inc.	Verenigde Staten	1348392
CHEMICALS	UPL Limited	India	32728532
CONSTRUCTION_MACHINERY	Ahern Rentals Inc.	Verenigde Staten	2059584
CONSTRUCTION_MACHINERY	Alta Equipment Group Inc	Verenigde Staten	385171
CONSTRUCTION_MACHINERY	Custom Truck One Source, Inc.	Verenigde Staten	2438682
CONSTRUCTION_MACHINERY	H&E Equipment Services, Inc.	Verenigde Staten	3290134
CONSTRUCTION_MACHINERY	Herc Holdings Inc.	Verenigde Staten	1476657
CONSTRUCTION_MACHINERY	Kapla Holding S.A.S.	Frankrijk	806195
CONSTRUCTION_MACHINERY	Loxam SAS	Frankrijk	5456575
CONSTRUCTION_MACHINERY	Platin 1425. GmbH	Duitsland	2603916
CONSTRUCTION_MACHINERY	Ritchie Bros. Auctioneers Incorporated	Canada	1570695
CONSTRUCTION_MACHINERY	Terex Corporation	Verenigde Staten	1503990
CONSTRUCTION_MACHINERY	The Manitowoc Company, Inc.	Verenigde Staten	328038
CONSTRUCTION_MACHINERY	Titan International, Inc.	Verenigde Staten	667002
CONSTRUCTION_MACHINERY	United Rentals, Inc.	Verenigde Staten	4143251
CONSUMER_CYCLICAL_SERVICES	Alibaba Group Holding Limited	China	44366674
CONSUMER_CYCLICAL_SERVICES	Allied Universal Holdco LLC / Allied Universal Finance Corp / Atlas LuxCo 4 SARL	Canada	1192987
CONSUMER_CYCLICAL_SERVICES	Allied Universal Holdco LLC/Allied Universal Finance Corp/Atlas Luxco 4 Sarl	Luxemburg	747711
CONSUMER_CYCLICAL_SERVICES	Allied Universal Topco LLC	Canada	5413994
CONSUMER_CYCLICAL_SERVICES	Arches Buyer Inc.	Verenigde Staten	2904152
CONSUMER_CYCLICAL_SERVICES	ASGN Incorporated	Verenigde Staten	1267664
CONSUMER_CYCLICAL_SERVICES	Atalian Holding Development and Strategy S.A.	Frankrijk	3793282
CONSUMER_CYCLICAL_SERVICES	BCPE Empire Topco, Inc.	Verenigde Staten	1344413
CONSUMER_CYCLICAL_SERVICES	Bidfair Holdings Inc	Verenigde Staten	3859917
CONSUMER_CYCLICAL_SERVICES	Bidfair Usa Llc	Verenigde Staten	5667093
CONSUMER_CYCLICAL_SERVICES	Booking Holdings Inc.	Verenigde Staten	54246636
CONSUMER_CYCLICAL_SERVICES	Carlson Travel Inc	Verenigde Staten	258432
CONSUMER_CYCLICAL_SERVICES	Carriage Services, Inc.	Verenigde Staten	3179077
CONSUMER_CYCLICAL_SERVICES	Cushman & Wakefield plc	Verenigd Koninkrijk	6729175
CONSUMER_CYCLICAL_SERVICES	Elis SA	Frankrijk	2450230
CONSUMER_CYCLICAL_SERVICES	Flamingo	Luxemburg	1784734
CONSUMER_CYCLICAL_SERVICES	Flamingo Lux II SCA	Luxemburg	2017270
CONSUMER_CYCLICAL_SERVICES	Garda World Security Corporation	Canada	2393373
CONSUMER_CYCLICAL_SERVICES	GoDaddy Inc.	Verenigde Staten	6337397
CONSUMER_CYCLICAL_SERVICES	Intertrust N.V.	Nederland	3734327
CONSUMER_CYCLICAL_SERVICES	Legends Hospitality Holding Co LLC / Legends Hospitality Co-Issuer Inc	Verenigde Staten	2225171
CONSUMER_CYCLICAL_SERVICES	Match Group, Inc.	Verenigde Staten	5687651
CONSUMER_CYCLICAL_SERVICES	Matthews International Corporation	Verenigde Staten	592942
CONSUMER_CYCLICAL_SERVICES	Newmark Group, Inc.	Verenigde Staten	4942547
CONSUMER_CYCLICAL_SERVICES	Prime Security Services Borrower, LLC	Verenigde Staten	11352909
CONSUMER_CYCLICAL_SERVICES	Realogy Holdings Corp.	Verenigde Staten	4002320
CONSUMER_CYCLICAL_SERVICES	Service Corporation International	Verenigde Staten	4857189
CONSUMER_CYCLICAL_SERVICES	Staples, Inc.	Verenigde Staten	5996519
CONSUMER_CYCLICAL_SERVICES	The Brink's Company	Verenigde Staten	321508
CONSUMER_CYCLICAL_SERVICES	The GEO Group, Inc.	Verenigde Staten	744434
CONSUMER_CYCLICAL_SERVICES	THE HOUSE OF HR NV	België	1106419
CONSUMER_CYCLICAL_SERVICES	TKC Holdings Inc	Verenigde Staten	771117
CONSUMER_CYCLICAL_SERVICES	TripAdvisor, Inc.	Verenigde Staten	656570
CONSUMER_CYCLICAL_SERVICES	Uber Technologies, Inc.	Verenigde Staten	7781014
CONSUMER_CYCLICAL_SERVICES	Verisure Midholding AB	Verenigde Staten	7871548
CONSUMER_CYCLICAL_SERVICES	Vivint Smart Home, Inc.	Verenigde Staten	3961818
CONSUMER_CYCLICAL_SERVICES	WASH Multifamily Laundry Systems, LLC	Zweden	488576
CONSUMER_CYCLICAL_SERVICES	WW International, Inc.	Verenigde Staten	3427714
CONSUMER_PRODUCTS	CD&R Smokey Buyer, Inc.	Verenigde Staten	4425492
CONSUMER_PRODUCTS	Central Garden & Pet Company	Verenigde Staten	5208074
CONSUMER_PRODUCTS	Controladora mabe S.A. de C.V.	Mexico	34085760
CONSUMER_PRODUCTS	Edgewell Personal Care Company	Verenigde Staten	2183273
CONSUMER_PRODUCTS	Energizer Holdings, Inc.	Verenigde Staten	1481571
CONSUMER_PRODUCTS	International Design Group S.P.A.	Italië	2165465
CONSUMER_PRODUCTS	JAB Cosmetics B.V.	Verenigde Staten	1163093
CONSUMER_PRODUCTS	Kronos Acquisition Holdings Inc.	Verenigde Staten	2697171
CONSUMER_PRODUCTS	MajorDrive Holdings IV LLC	Verenigde Staten	798308
CONSUMER_PRODUCTS	Mattel, Inc.	Verenigde Staten	1502189
CONSUMER_PRODUCTS	Newell Brands Inc.	Verenigde Staten	4631417
CONSUMER_PRODUCTS	Oriflame Investment Holding plc	Jersey	30495428
CONSUMER_PRODUCTS	Prestige Consumer Healthcare Inc.	Verenigde Staten	4141980
CONSUMER_PRODUCTS	Scotts Miracle-Gro Co/The	Verenigde Staten	4190394
CONSUMER_PRODUCTS	Spectrum Brands Holdings, Inc.	Verenigde Staten	5027049
CONSUMER_PRODUCTS	Tempur Sealy International Inc	Verenigde Staten	5152355
CONSUMER_PRODUCTS	Valvoline Inc.	Verenigde Staten	5403954
CONSUMER_PRODUCTS	Winnebago Industries, Inc.	Verenigde Staten	1106025
DIVERSIFIED_MANUFACTURING	Altra Industrial Motion Corp.	Verenigde Staten	720988
DIVERSIFIED_MANUFACTURING	AMSTED Industries Incorporated	Verenigde Staten	4775928
DIVERSIFIED_MANUFACTURING	Atkore Inc.	Verenigde Staten	1468571
DIVERSIFIED_MANUFACTURING	Cfx Escrow Corporation	Verenigde Staten	2138984
DIVERSIFIED_MANUFACTURING	EnerSys	Verenigde Staten	2779731
DIVERSIFIED_MANUFACTURING	EnPro Industries, Inc.	Verenigde Staten	1757689
DIVERSIFIED_MANUFACTURING	FXI Holdings, Inc.	Verenigde Staten	3811692
DIVERSIFIED_MANUFACTURING	Gates Industrial Corporation plc	Verenigde Staten	3986941
DIVERSIFIED_MANUFACTURING	General Electric Company	Verenigde Staten	23727825
DIVERSIFIED_MANUFACTURING	Granite Us Holdings Corporation	Verenigde Staten	613334
DIVERSIFIED_MANUFACTURING	Griffon Corporation	Verenigde Staten	2202829
DIVERSIFIED_MANUFACTURING	Husky III Holding Limited	Verenigde Staten	939431
DIVERSIFIED_MANUFACTURING	Koç Holding A.S.	Turkije	56977451
DIVERSIFIED_MANUFACTURING	Mueller Water Products, Inc.	Verenigde Staten	1183813
DIVERSIFIED_MANUFACTURING	Resideo Technologies, Inc.	Verenigde Staten	843227
DIVERSIFIED_MANUFACTURING	Rexel S.A.	Frankrijk	3130526
DIVERSIFIED_MANUFACTURING	Siemens Aktiengesellschaft	Duitsland	62550465
DIVERSIFIED_MANUFACTURING	Sofima Holding S.P.A.	Italië	1079849
DIVERSIFIED_MANUFACTURING	SPX FLOW, Inc.	Verenigde Staten	156210
DIVERSIFIED_MANUFACTURING	ThyssenKrupp AG	Duitsland	4534798
DIVERSIFIED_MANUFACTURING	Titan Acquisition Holdco Limited	Verenigde Staten	1149715
DIVERSIFIED_MANUFACTURING	TK Elevator Topco GmbH	Luxemburg	11620061
DIVERSIFIED_MANUFACTURING	TriMas Corporation	Verenigde Staten	1136240
DIVERSIFIED_MANUFACTURING	Trinity Industries, Inc.	Verenigde Staten	4225204
DIVERSIFIED_MANUFACTURING	Türkiye Is Bankasi A.S.	Turkije	38754540
DIVERSIFIED_MANUFACTURING	USM Holdings Limited	Rusland	22131678
DIVERSIFIED_MANUFACTURING	Welbilt, Inc.	Verenigde Staten	692130
DIVERSIFIED_MANUFACTURING	WESCO International, Inc.	Verenigde Staten	8250247
DIVERSIFIED_MANUFACTURING	Willa MidCo S.a.r.l.	Verenigde Staten	1523499
ELECTRIC	Atlantica Sustainable Infrastructure plc	Verenigd Koninkrijk	303260
ELECTRIC	Calpine Corporation	Verenigde Staten	8521327
ELECTRIC	Clearway Energy Group LLC	Verenigde Staten	4614982
ELECTRIC	Clearway Energy Operating LLC	Verenigde Staten	3726857
ELECTRIC	Contour Power Global Holdings	Verenigde Staten	42654961
ELECTRIC	Drax Group plc	Verenigd Koninkrijk	514267
ELECTRIC	EDP - Energias de Portugal, S.A.	Luxemburg	57383270
ELECTRIC	EDP Finance BV	Portugal	4535688
ELECTRIC	Enel SpA	Chili	123791611
ELECTRIC	E.ON SE	Duitsland	75968680
ELECTRIC	FirstEnergy Corp.	Verenigde Staten	3235149
ELECTRIC	Iberdrola, S.A.	Spanje	54008697
ELECTRIC	Inkia Holdings (Kallpa) Ltd.	Peru	6798950
ELECTRIC	innogy International Participations N.V.	Duitsland	4346182
ELECTRIC	Multi-Inversiones, S.A.	Guatemala	27633724
ELECTRIC	National Grid plc	Verenigd Koninkrijk	73926226
ELECTRIC	Nautilus Inkia Holdings SCS	Peru	36136860
ELECTRIC	NextEra Energy Partners, LP	Verenigde Staten	3807347
ELECTRIC	NRG Energy, Inc.	Verenigde Staten	9946519
ELECTRIC	Orazul Energia (UK) Holdings Ltd	Peru	33165894
ELECTRIC	Orion US Holdings 1 L.P.	Verenigde Staten	28361248
ELECTRIC	Pampa Energía S.A.	Argentinië	12815482
ELECTRIC	PG&E Corporation	Verenigde Staten	784822
ELECTRIC	Pohjolan Voima Oyj	Finland	1943914
ELECTRIC	PT Cikarang Listrindo Tbk	Indonesië	35549393
ELECTRIC	ReNew Energy Global plc	India	31058274
ELECTRIC	Rio Energy S.A.	Argentinië	4831144
ELECTRIC	Saavi Energía, S. de R.L. de C.V.	Mexico	21023773
ELECTRIC	S.B. Adani Family Trust	India	45943660
ELECTRIC	Star Energy Geothermal Pte Ltd.	Indonesië	32006554
ELECTRIC	Star Energy Geothermal (Salak - Darajat) B.V.	Indonesië	20527511
ELECTRIC	Stoneway Capital Corporation	Argentinië	1127011
ELECTRIC	Talen Energy Corporation	Verenigde Staten	1522828
ELECTRIC	Terna - Rete Elettrica Nazionale Società per Azion	Italië	6003485
ELECTRIC	TerraForm Power, LLC	Verenigde Staten	3877372
ELECTRIC	The AES Corporation	Verenigde Staten	67725370
ELECTRIC	Vistra Corp.	Verenigde Staten	9243361
ENVIRONMENTAL	Covanta Holding Corporation	Verenigde Staten	513457
ENVIRONMENTAL	GFL Environmental Inc.	Canada	9271510
ENVIRONMENTAL	Harsco Corporation	Verenigde Staten	8287758
ENVIRONMENTAL	Paprec Holding SA	Frankrijk	4527661
ENVIRONMENTAL	SPIE SA	Frankrijk	2851893
ENVIRONMENTAL	Waste Pro USA, Inc.	Verenigde Staten	5487610
FINANCE_COMPANIES	AerCap Holdings N.V.	Nederland	845984
FINANCE_COMPANIES	Bohai Leasing Co., Ltd.	Kaaimaneilanden	1030585
FINANCE_COMPANIES	Carlyle Aviation Partners Ltd.	Ierland	678884
FINANCE_COMPANIES	FirstCash, Inc.	Verenigde Staten	765933
FINANCE_COMPANIES	Fortress Transptation and Infrastr Invest LLC	Verenigde Staten	2272406
FINANCE_COMPANIES	Freedom Mortgage Corporation	Verenigde Staten	2713630
FINANCE_COMPANIES	Home Point Capital Inc	Verenigde Staten	3677583
FINANCE_COMPANIES	Midcap Financial Issuer Trust	Ierland	1073316
FINANCE_COMPANIES	Navient Corporation	Verenigde Staten	14577871
FINANCE_COMPANIES	OneMain Holdings, Inc.	Verenigde Staten	20314916
FINANCE_COMPANIES	Oxford Finance LLC	Verenigde Staten	1534522
FINANCE_COMPANIES	PennyMac Financial Services, Inc.	Verenigde Staten	1614712
FINANCE_COMPANIES	Provident Funding Associates, L.P.	Verenigde Staten	3965445
FINANCE_COMPANIES	Rock Companies, LLC	Verenigde Staten	6807420
FINANCE_COMPANIES	Rock Holdings Inc.	Verenigde Staten	965951
FINANCE_COMPANIES	SLM Corporation	Verenigde Staten	3129385
FINANCE_COMPANIES	UWM Holdings Corporation	Verenigde Staten	8163139
FINANCIAL_OTHER	Action Logement groupe	Frankrijk	18497113
FINANCIAL_OTHER	Adler Group S.A.	Duitsland	11413747
FINANCIAL_OTHER	Akelius Apartments Ltd.	Zweden	651461
FINANCIAL_OTHER	Arabian Centres Sukuk II Limited	Saoedi-Arabië	13599655
FINANCIAL_OTHER	Arabian Centres Sukuk Limited	Saoedi-Arabië	25261640
FINANCIAL_OTHER	Aroundtown SA	Duitsland	9082518
FINANCIAL_OTHER	Arrow Global Group PLC	Verenigd Koninkrijk	2184875
FINANCIAL_OTHER	Burford Capital Global Finance LLC	Verenigde Staten	473294
FINANCIAL_OTHER	CBRE Global Investors, LLC	Luxemburg	25446346
FINANCIAL_OTHER	Constructora Andrade Gutierrez SA	Peru	17694779
FINANCIAL_OTHER	CPI Property Group S.A.	Luxemburg	52957951
FINANCIAL_OTHER	Deutsche Wohnen SE	Duitsland	12429177
FINANCIAL_OTHER	Duo Bank	Canada	778899
FINANCIAL_OTHER	Fastighets AB Balder (publ)	Zweden	39359764
FINANCIAL_OTHER	Five Point Holdings, LLC	Verenigde Staten	256612
FINANCIAL_OTHER	Fredensborg Eiendomsselskap AS	Noorwegen	24447730
FINANCIAL_OTHER	Garfunkelux Holdco 1 S.A.R.L.	Verenigd Koninkrijk	5131395
FINANCIAL_OTHER	Grand City Properties S.A.	Luxemburg	1718994
FINANCIAL_OTHER	Greystar Real Estate Partners, LLC	Verenigde Staten	3744604
FINANCIAL_OTHER	Icahn Enterprises L.P.	Verenigde Staten	16036929
FINANCIAL_OTHER	Intrum Justitia AB	Zweden	3796971
FINANCIAL_OTHER	Kennedy-Wilson Inc	Verenigde Staten	4056253
FINANCIAL_OTHER	Lincoln Financing Holdings Pte Limited	Nederland	3426949
FINANCIAL_OTHER	Louvre Bidco SAS	Frankrijk	2171233
FINANCIAL_OTHER	Majid Al Futtaim Capital LLC	Verenigde Arabische Emiraten	56726332
FINANCIAL_OTHER	Mr. Cooper Group Inc.	Verenigde Staten	3114305
FINANCIAL_OTHER	Peach Property Finance Gmbh	Zwitserland	2900213
FINANCIAL_OTHER	Samhällsbyggnadsbolaget i Norden AB (publ)	Zweden	1956228
FINANCIAL_OTHER	Swire Pacific Limited	Hongkong	50500169
FINANCIAL_OTHER	Tevat Limited	Guernsey	49657498
FINANCIAL_OTHER	The Howard Hughes Corporation	Verenigde Staten	2174907
FINANCIAL_OTHER	Vonovia SE	Duitsland	80183140
FOOD_AND_BEVERAGE	Adecoagro S.A.	Brazilië	43279239
FOOD_AND_BEVERAGE	Akira Holding Foundation	Liechtenstein	17349386
FOOD_AND_BEVERAGE	Anheuser-Busch InBev SA/NV	België	69305208
FOOD_AND_BEVERAGE	Aramark	Verenigde Staten	4251973
FOOD_AND_BEVERAGE	Boparan Holdco Limited	Verenigd Koninkrijk	3503810
FOOD_AND_BEVERAGE	Carlsberg A/S	Denemarken	52523592
FOOD_AND_BEVERAGE	CCEP Finance (Ireland) Designated Activity Company	Verenigd Koninkrijk	26595793
FOOD_AND_BEVERAGE	Coca-Cola European Partners plc	Verenigd Koninkrijk	58368255
FOOD_AND_BEVERAGE	Cooke Inc.	Canada	1334770
FOOD_AND_BEVERAGE	Darling Ingredients Inc.	Verenigde Staten	3463662
FOOD_AND_BEVERAGE	FAGE International S.A.	Luxemburg	11981941
FOOD_AND_BEVERAGE	Herbalife Ltd.	Kaaimaneilanden	1030935
FOOD_AND_BEVERAGE	JBS S.A.	Verenigde Staten	1668135
FOOD_AND_BEVERAGE	JDE Peet's N.V.	Oostenrijk	31567908
FOOD_AND_BEVERAGE	Kernel Holding S.A.	Oekraïne	37352888
FOOD_AND_BEVERAGE	Lamb Weston Holdings, Inc.	Verenigde Staten	506925
FOOD_AND_BEVERAGE	L'Arche Green N.V.	Nederland	5024583
FOOD_AND_BEVERAGE	Marfrig Global Foods S.A.	Brazilië	45203387
FOOD_AND_BEVERAGE	MHP SE	Oekraïne	33798698
FOOD_AND_BEVERAGE	Minerva S.A.	Brazilië	34689230
FOOD_AND_BEVERAGE	Nomad Foods Limited	Britse Maagdeneilanden	2152222
FOOD_AND_BEVERAGE	Pepsico, Inc.	Verenigde Staten	66964286
FOOD_AND_BEVERAGE	Performance Food Group Company	Verenigde Staten	4994193
FOOD_AND_BEVERAGE	Pernod Ricard SA	Frankrijk	29532931
FOOD_AND_BEVERAGE	Picard PIKco S.A.	Verenigd Koninkrijk	977602
FOOD_AND_BEVERAGE	Pilgrim's Pride Corp	Brazilië	4761176
FOOD_AND_BEVERAGE	Post Holdings, Inc.	Verenigde Staten	19882660
FOOD_AND_BEVERAGE	Premier Foods plc	Verenigd Koninkrijk	1812969
FOOD_AND_BEVERAGE	Primo Water Corporation	Canada	4639235
FOOD_AND_BEVERAGE	Rangi Management Limited	Britse Maagdeneilanden	29777766
FOOD_AND_BEVERAGE	Simmons Foods Inc/Simmons Prepared Foods Inc/Simmons Pet Food Inc/Simmons Feed	Verenigde Staten	2518838
FOOD_AND_BEVERAGE	The Coca-Cola Company	Verenigde Staten	66708224
FOOD_AND_BEVERAGE	The Kraft Heinz Company	Verenigde Staten	30665832
FOOD_AND_BEVERAGE	Triton Water Holdings Inc	Verenigde Staten	1074570
FOOD_AND_BEVERAGE	United Natural Foods, Inc.	Verenigde Staten	282619
FOOD_AND_BEVERAGE	US Foods Holding Corp.	Verenigde Staten	12205427
GAMING	Affinity Gaming	Verenigde Staten	790127
GAMING	Bally's Corporation	Verenigde Staten	495811
GAMING	Boyd Gaming Corporation	Verenigde Staten	11256689
GAMING	Caesars Entertainment, Inc.	Verenigde Staten	8632360
GAMING	Churchill Downs Incorporated	Verenigde Staten	1446632
GAMING	Codere, S.A.	Spanje	16839
GAMING	Eldorado Resorts, Inc.	Verenigde Staten	8241998
GAMING	Full House Resorts, Inc.	Verenigde Staten	1308420
GAMING	Gamma Bidco S.p.A.	Verenigde Staten	1467292
GAMING	Gateway Casinos & Entertainment Limited	Canada	1445631
GAMING	Golden Entertainment, Inc.	Verenigde Staten	2056696
GAMING	Ilitch Holdings, Inc.	Verenigde Staten	655050
GAMING	Jacobs Entertainment Inc.	Verenigde Staten	917850
GAMING	LHMC Topco S.à r.l.	Spanje	6606965
GAMING	MGM Growth Properties OP GP LLC	Verenigde Staten	4960677
GAMING	MGM Resorts International	Verenigde Staten	4704686
GAMING	Midwest Gaming Borrower, LLC	Canada	3703372
GAMING	Mohegan Tribal Gaming Authority	Verenigde Staten	3907912
GAMING	New B&D Holding di Marco Drago e C. S.a.p.a	Italië	10118228
GAMING	Peninsula Pacific Entertainment LLC / Peninsula Pacific Entertainment Finance In	Verenigde Staten	341419
GAMING	Penn National Gaming Inc	Verenigde Staten	2721504
GAMING	Quapaw Tribe Of Oklahoma	Verenigde Staten	681012
GAMING	Scientific Games Corporation	Verenigde Staten	16949153
GAMING	VICI Properties Inc.	Verenigde Staten	5084343
GAMING	Wynn Resorts, Limited	Verenigde Staten	8402747
GOVERNMENT_GUARANTEE	Banco Nacional de Costa Rica	Costa Rica	15196967
GOVERNMENT_GUARANTEE	Caisse d'Amortissement De La Dette Sociale	Frankrijk	103356127
GOVERNMENT_GUARANTEE	Dexia SA	België	31230065
GOVERNMENT_GUARANTEE	KfW	Duitsland	671305056
GOVERNMENT_GUARANTEE	Nldse Fin-Mtsch voor Ontwikkelingslanden N.V.	Nederland	61864082
GOVERNMENT_GUARANTEE	Oesterreichische Kontrollbank Aktiengesellschaft	Oostenrijk	75484324
GOVERNMENT_GUARANTEE	Österreichische Bundesbahnen-Hold Akt	Oostenrijk	5390017
GOVERNMENT_GUARANTEE	Unedic	Frankrijk	67520544
GOVERNMENT_RELATED	Tesoreria General de la Republica	Chili	284717338
GOVERNMENT_RELATED	Uruguay	Uruguay	14572309
GOVERNMENT_SPONSORED	Bioceanico Sovereign Certificate Ltd	Kaaimaneilanden	27489787
GOVERNMENT_SPONSORED	Petróleo Brasileiro S.A. - Petrobras	Brazilië	77348785
HEALTHCARE	Acadia Healthcare Company, Inc.	Verenigde Staten	3002514
HEALTHCARE	AMN Healthcare Services, Inc.	Verenigde Staten	5631296
HEALTHCARE	ASP AMC Merger Sub, Inc.	Verenigde Staten	1379294
HEALTHCARE	Avantor, Inc.	Verenigde Staten	7640364
HEALTHCARE	CAB SELAS	Frankrijk	3526330
HEALTHCARE	Catalent, Inc.	Verenigde Staten	3486662
HEALTHCARE	Catalent Pharma Solutions Inc	Verenigde Staten	1384922
HEALTHCARE	Charles River Laboratories International, Inc.	Verenigde Staten	3295429
HEALTHCARE	Chrome Holdco S.A.S.	Frankrijk	2606634
HEALTHCARE	Community Health Systems, Inc.	Verenigde Staten	20245913
HEALTHCARE	Danaher Corporation	Verenigde Staten	79215307
HEALTHCARE	DaVita Inc.	Verenigde Staten	13067461
HEALTHCARE	DH Europe Finance II Sarl	Verenigde Staten	7742264
HEALTHCARE	Encompass Health Corporation	Verenigde Staten	1491186
HEALTHCARE	Envision Healthcare Corporation	Verenigde Staten	664954
HEALTHCARE	EssilorLuxottica Société anonyme	Frankrijk	37874713
HEALTHCARE	Grifols, S.A.	Spanje	7416918
HEALTHCARE	HCA Healthcare, Inc.	Verenigde Staten	9309955
HEALTHCARE	Hologic, Inc.	Verenigde Staten	754354
HEALTHCARE	IQVIA Holdings Inc.	Verenigde Staten	13874197
HEALTHCARE	Laboratoire Eimer	Frankrijk	1066564
HEALTHCARE	LifePoint Health, Inc.	Verenigde Staten	1334103
HEALTHCARE	Medtronic plc	Ierland	107132277
HEALTHCARE	ModivCare Inc.	Verenigde Staten	319184
HEALTHCARE	MultiPlan, Inc.	Verenigde Staten	1878191
HEALTHCARE	Ortho-Clinical Diagnostics, Inc.	Verenigde Staten	3839860
HEALTHCARE	Owens & Minor, Inc.	Verenigde Staten	1291936
HEALTHCARE	PPD, Inc.	Verenigde Staten	1662599
HEALTHCARE	Prime A Investments, LLC	Verenigde Staten	927891
HEALTHCARE_REITS	CTR Partnership LP / CareTrust Capital Corp	Verenigde Staten	1041341
HEALTHCARE_REITS	Diversified Healthcare Trust	Verenigde Staten	2604512
HEALTHCARE_REITS	Medical Properties Trust, Inc.	Verenigde Staten	4621808
HEALTHCARE	Rp Escrow Issuer LLC	Verenigde Staten	2712944
HEALTHCARE	Select Medical Holdings Corporation	Verenigde Staten	3280334
HEALTHCARE	Surgery Partners, Inc.	Verenigde Staten	1863669
HEALTHCARE	Syneos Health, Inc.	Verenigde Staten	2678972
HEALTHCARE	Teleflex Incorporated	Verenigde Staten	1576739
HEALTHCARE	Tenet Healthcare Corporation	Verenigde Staten	30489231
HEALTHCARE	Thermo Fisher Scientific Inc.	Verenigde Staten	58637251
HEALTHCARE	Tofane S.A.	Frankrijk	2367048
HEALTHCARE	Universal Health Services, Inc.	Verenigde Staten	534285
HEALTHCARE	U.S. Acute Care Solutions, Inc.	Verenigde Staten	1273625
HEALTH_INSURANCE	Centene Corporation	Verenigde Staten	17224339
HEALTH_INSURANCE	Molina Healthcare, Inc.	Verenigde Staten	2630745
HOME_CONSTRUCTION	Adams Homes Inc.	Verenigde Staten	857178
HOME_CONSTRUCTION	Beazer Homes USA, Inc.	Verenigde Staten	1605046
HOME_CONSTRUCTION	Brookfield Residential Properties Inc.	Canada	1422549
HOME_CONSTRUCTION	Century Communities, Inc.	Verenigde Staten	1557687
HOME_CONSTRUCTION	D.R. Horton, Inc.	Verenigde Staten	1887576
HOME_CONSTRUCTION	Empire Community Corp	Canada	545897
HOME_CONSTRUCTION	Great Gulf Group Limited	Verenigde Staten	1261045
HOME_CONSTRUCTION	J.F. Shea Co., Inc.	Verenigde Staten	3716772
HOME_CONSTRUCTION	KB Home	Verenigde Staten	1937763
HOME_CONSTRUCTION	LGI Homes, Inc.	Verenigde Staten	614235
HOME_CONSTRUCTION	Mattamy Group Corporation	Canada	902291
HOME_CONSTRUCTION	Meritage Homes Corporation	Verenigde Staten	5303048
HOME_CONSTRUCTION	Miller Midco 2 Limited	Verenigd Koninkrijk	2414554
HOME_CONSTRUCTION	STL Holding Company, LLC	Verenigde Staten	800662
HOME_CONSTRUCTION	Taylor Morrison Home Corporation	Verenigde Staten	4409716
HOME_CONSTRUCTION	Tri Pointe Homes, Inc.	Verenigde Staten	4403251
HOME_CONSTRUCTION	Weekley Homes L.P.	Verenigde Staten	893681
INDEPENDENT	Aethon United BR LP / Aethon United Finance Corp	Verenigde Staten	1281902
INDEPENDENT	Antero Resources Corporation	Verenigde Staten	1463873
INDEPENDENT	APA Corporation	Verenigde Staten	13464695
INDEPENDENT	Ascent Resources, LLC	Verenigde Staten	3671652
INDEPENDENT	Atlantic Exploration, LLC	Verenigde Staten	948719
INDEPENDENT	Callon Petroleum Company	Verenigde Staten	12029833
INDEPENDENT	Chaparral Energy, Inc.	Verenigde Staten	132107
INDEPENDENT	CNX Resources Corporation	Verenigde Staten	8097470
INDEPENDENT	Colgate Energy Partners III, LLC	Verenigde Staten	671570
INDEPENDENT	Comstock Resources, Inc.	Verenigde Staten	4851036
INDEPENDENT	Continental Resources, Inc.	Verenigde Staten	137444
INDEPENDENT	CrownQuest Operating, LLC	Verenigde Staten	6491755
INDEPENDENT	Devon Energy Corporation	Verenigde Staten	495791
INDEPENDENT	Diamondback Energy, Inc.	Verenigde Staten	5550186
INDEPENDENT	Endeavor Energy Resources, LP	Verenigde Staten	4102889
INDEPENDENT	EnQuest PLC	Verenigd Koninkrijk	1155336
INDEPENDENT	EQT Corporation	Verenigde Staten	10229482
INDEPENDENT	Gulfport Energy Operating Corp	Verenigde Staten	475558
INDEPENDENT	Hilcorp Energy Company	Verenigde Staten	4882907
INDEPENDENT	Kosmos Energy Ltd.	Ghana	16166048
INDEPENDENT	Laredo Petroleum, Inc.	Verenigde Staten	1726967
INDEPENDENT	Magnolia Oil & Gas Corporation	Verenigde Staten	1016858
INDEPENDENT	Matador Resources Company	Verenigde Staten	6010677
INDEPENDENT	Murphy Oil Corporation	Verenigde Staten	4233538
INDEPENDENT	Northern Oil and Gas, Inc.	Verenigde Staten	1455725
INDEPENDENT	Oasis Petroleum Inc.	Verenigde Staten	503791
INDEPENDENT	Occidental Petroleum Corporation	Verenigde Staten	55942053
INDEPENDENT	Ovintiv Inc.	Canada	3386428
INDEPENDENT	PDC Energy, Inc.	Verenigde Staten	3311924
INDEPENDENT	Range Resources Corporation	Verenigde Staten	3957206
INDEPENDENT	Sanchez Energy Corporation	Verenigde Staten	64980
INDEPENDENT	Shandong Xinchao Energy Corporation Limited	Verenigde Staten	1210389
INDEPENDENT	SM Energy Company	Verenigde Staten	7439349
INDEPENDENT	Southwestern Energy Company	Verenigde Staten	8264318
INDEPENDENT	Talos Energy Inc.	Verenigde Staten	1159972
INDEPENDENT	Teine Energy Ltd.	Canada	771984
INDEPENDENT	Tullow Oil plc	Ghana	13337726
INDUSTRIAL_OTHER	Adtalem Global Education Inc.	Verenigde Staten	1823960
INDUSTRIAL_OTHER	Arcosa, Inc.	Verenigde Staten	1902956
INDUSTRIAL_OTHER	Artera Services, LLC	Verenigde Staten	9326774
INDUSTRIAL_OTHER	Booz Allen Hamilton Holding Corporation	Verenigde Staten	2386930
INDUSTRIAL_OTHER	Brand Industrial Services, Inc.	Verenigde Staten	1583360
INDUSTRIAL_OTHER	Brundage-Bone Concrete Pumping Holdings Inc	Verenigde Staten	5187619
INDUSTRIAL_OTHER	CK Hutchison Holdings Limited	Kaaimaneilanden	173140204
INDUSTRIAL_OTHER	Cleaver-Brooks, Inc.	Verenigde Staten	8560745
INDUSTRIAL_OTHER	Csol Holding PLC	Peru	33698653
INDUSTRIAL_OTHER	Dycom Industries, Inc.	Verenigde Staten	1198683
INDUSTRIAL_OTHER	Galapagos Holding S.A.	Luxemburg	59289
INDUSTRIAL_OTHER	GEMS Menasa Holdings Ltd (Cayman Islands)	Verenigde Arabische Emiraten	30271384
INDUSTRIAL_OTHER	Great Lakes Dredge & Dock Corporation	Verenigde Staten	4504564
INDUSTRIAL_OTHER	Hillenbrand, Inc.	Verenigde Staten	3818205
INDUSTRIAL_OTHER	Installed Building Products, Inc.	Verenigde Staten	876888
INDUSTRIAL_OTHER	M&F Worldwide Corp.	Verenigde Staten	1041023
INDUSTRIAL_OTHER	Modulaire Investments B.V.	Verenigd Koninkrijk	4276720
INDUSTRIAL_OTHER	Park-Ohio Holdings Corp.	Verenigde Staten	916880
INDUSTRIAL_OTHER	Techem Verwaltungsgesellschaft 674 mbH	Duitsland	4795755
INDUSTRIAL_OTHER	The Hillman Group, Inc.	Verenigde Staten	469259
INDUSTRIAL_OTHER	TopBuild Corp	Verenigde Staten	1037518
INDUSTRIAL_OTHER	Verra Mobility Corporation	Verenigde Staten	210171
INDUSTRIAL_OTHER	WillScot Mobile Mini Holdings Corp.	Verenigd Koninkrijk	3056399
INTEGRATED	BP p.l.c.	Verenigd Koninkrijk	80239494
INTEGRATED	Eni S.p.A.	Italië	21448707
INTEGRATED	Exxon Mobil Corporation	Verenigde Staten	12805918
INTEGRATED	Lukoil Securities B.V.	Rusland	13445137
INTEGRATED	OMV Aktiengesellschaft	Oostenrijk	24216196
INTEGRATED	PJSC LUKOIL	Rusland	24832593
INTEGRATED	Reliance Industries Limited	India	24326811
INTEGRATED	Repsol, S.A.	Spanje	9388919
INTEGRATED	Royal Dutch Shell plc	Nederland	72378479
INTEGRATED	Shell International Finance BV	Verenigd Koninkrijk	21993853
INTEGRATED	TotalEnergies SE	Frankrijk	60877148
INTEGRATED	TOTAL S.A.	Frankrijk	48086696
LEISURE	AMC Entertainment Holdings, Inc.	China	3976340
LEISURE	Boyne USA, Inc.	Verenigde Staten	2470723
LEISURE	Carnival Corporation & Plc	Panama	29897039
LEISURE	Cedar Fair, L.P.	Verenigde Staten	9176879
LEISURE	Cinemark Holdings, Inc.	Verenigde Staten	6948942
LEISURE	Life Time Group Holdings, Inc.	Verenigde Staten	7972369
LEISURE	Live Nation Entertainment, Inc.	Verenigde Staten	7770667
LEISURE	Merlin Entertainments Limited	Verenigd Koninkrijk	1675855
LEISURE	Motion Bondco Designated Activity Company	Verenigd Koninkrijk	453631
LEISURE	NCL Finance Ltd	Bermuda	1582628
LEISURE	Norwegian Cruise Line Holdings Ltd.	Bermuda	6747639
LEISURE	Pinnacle Bidco PLC	Verenigd Koninkrijk	5701244
LEISURE	POWDR Corp.	Verenigde Staten	2646986
LEISURE	Royal Caribbean Cruises Ltd.	Liberia	15120527
LEISURE	SeaWorld Entertainment, Inc.	Verenigde Staten	3429795
LEISURE	Six Flags Entertainment Corporation	Verenigde Staten	4590257
LEISURE	TUI CRUISES GmbH	Duitsland	743462
LEISURE	Vail Resorts, Inc.	Verenigde Staten	1118004
LEISURE	Viking Cruises, Ltd.	Bermuda	6133774
LEISURE	Viking Ocean Cruises Ship VII Ltd	Bermuda	1164626
LIFE	Allianz SE	Duitsland	40710704
LIFE	American Equity Investment Life Holding Company	Verenigde Staten	2770780
LIFE	Assicurazioni Generali S.p.A.	Italië	25360304
LIFE	Athene Global Funding	Verenigde Staten	34924275
LIFE	AXA SA	Frankrijk	18135507
LIFE	CNO Financial Group, Inc.	Verenigde Staten	3109964
LIFE	Genworth Financial, Inc.	Verenigde Staten	4007870
LIFE	Metropolitan Life Global Funding I	Verenigde Staten	27663946
LIFE	Unipol Gruppo S.p.A.	Italië	1816739
LOCAL_AUTHORITIES	Baden-Wuerttemberg (State of)	Duitsland	59634270
LOCAL_AUTHORITIES	Brandenburg (State of)	Duitsland	142977952
LOCAL_AUTHORITIES	Bundeslaender-Schatz Nr. 34	Duitsland	69573064
LOCAL_AUTHORITIES	Flemish Government	België	174739436
LOCAL_AUTHORITIES	Freie Hansestadt Bremen (Stadtgemeinde)	Duitsland	12716757
LOCAL_AUTHORITIES	KommuneKredit	Denemarken	41420756
LOCAL_AUTHORITIES	Land Berlin	Duitsland	103086222
LOCAL_AUTHORITIES	Land Hessen	Duitsland	262502045
LOCAL_AUTHORITIES	Lower Saxony (State of)	Duitsland	295357538
LOCAL_AUTHORITIES	Municipality Finance PLC	Finland	38373153
LOCAL_AUTHORITIES	North Rhine-Westphalia (State of)	Duitsland	203713790
LOCAL_AUTHORITIES	NRW.BANK	Duitsland	198677364
LOCAL_AUTHORITIES	Région Ile-de-France	Frankrijk	30502356
LOCAL_AUTHORITIES	Rheinland Pfalz	Duitsland	165052330
LOCAL_AUTHORITIES	Saxony-Anhalt (State of)	Duitsland	137822664
LOCAL_AUTHORITIES	State of Saarland	Duitsland	22118638
LOCAL_AUTHORITIES	Thuringen Land	Duitsland	18701595
LODGING	Accor SA	Frankrijk	650082
LODGING	Hilton Grand Vacations Borrower Escrow LLC / Hilton Grand Vacations Borrower Esc	Verenigde Staten	3232884
LODGING	Hilton Worldwide Holdings Inc.	Verenigde Staten	12879150
LODGING	Marriott Vacations Worldwide Corporation	Verenigde Staten	1427613
LODGING	Travel + Leisure Co.	Verenigde Staten	1644411
LODGING	Wyndham Hotels & Resorts, Inc.	Verenigde Staten	1887405
MEDIA_ENTERTAINMENT	Access Industries, Inc.	Verenigde Staten	887598
MEDIA_ENTERTAINMENT	Allen Media Group, LLC	Verenigde Staten	652892
MEDIA_ENTERTAINMENT	Alpha Frontier Limited	Kaaimaneilanden	2917004
MEDIA_ENTERTAINMENT	AMC Networks Inc.	Verenigde Staten	3588907
MEDIA_ENTERTAINMENT	Arqiva Broadcast Parent Limited	Verenigd Koninkrijk	3021210
MEDIA_ENTERTAINMENT	Audacy, Inc.	Verenigde Staten	586389
MEDIA_ENTERTAINMENT	Banijay Group S.A.S.	Frankrijk	1695415
MEDIA_ENTERTAINMENT	Cengage Learning Holdings II, Inc.	Verenigde Staten	7276198
MEDIA_ENTERTAINMENT	Clear Channel Outdoor Holdings Inc	Verenigde Staten	14876874
MEDIA_ENTERTAINMENT	Deluxe Corporation	Verenigde Staten	444614
MEDIA_ENTERTAINMENT	Graham Holdings Company	Verenigde Staten	2708010
MEDIA_ENTERTAINMENT	Gray Television, Inc.	Verenigde Staten	3068891
MEDIA_ENTERTAINMENT	Houghton Mifflin Harcourt Company	Verenigde Staten	2902137
MEDIA_ENTERTAINMENT	iHeartMedia, Inc.	Verenigde Staten	9284515
MEDIA_ENTERTAINMENT	INSPIRED ENTERTAINMENT (FINANCING) PLC	Verenigde Staten	3206999
MEDIA_ENTERTAINMENT	Lamar Advertising Company (REIT)	Verenigde Staten	4503888
MEDIA_ENTERTAINMENT	McGraw-Hill Education, Inc.	Verenigde Staten	6732565
MEDIA_ENTERTAINMENT	Naspers Limited	China	67374147
MEDIA_ENTERTAINMENT	Netflix, Inc.	Verenigde Staten	30743185
MEDIA_ENTERTAINMENT	News Corporation	Verenigde Staten	2318691
MEDIA_ENTERTAINMENT	Nexstar Media Group, Inc.	Verenigde Staten	2162541
MEDIA_ENTERTAINMENT	Outfront Media Inc. (REIT)	Verenigde Staten	4758904
MEDIA_ENTERTAINMENT	Picture Holdco Limited	Verenigd Koninkrijk	4069424
MEDIA_ENTERTAINMENT	Salem Media Group, Inc.	Verenigde Staten	326480
MEDIA_ENTERTAINMENT	Scripps Escrow Inc.	Verenigde Staten	916501
MEDIA_ENTERTAINMENT	Sinclair Broadcast Group, Inc.	Verenigde Staten	7825223
MEDIA_ENTERTAINMENT	Spanish Broadcasting System, Inc.	Verenigde Staten	271161
MEDIA_ENTERTAINMENT	TEGNA Inc.	Verenigde Staten	2651311
MEDIA_ENTERTAINMENT	The E. W. Scripps Company	Verenigde Staten	1158157
MEDIA_ENTERTAINMENT	Townsquare Media, Inc.	Verenigde Staten	490271
MEDIA_ENTERTAINMENT	Univision Holdings, Inc.	Verenigde Staten	5160159
METALS_AND_MINING	Aip/Mc Holdings LLC	Verenigde Staten	6969609
METALS_AND_MINING	Alcoa Corporation	Verenigde Staten	8314416
METALS_AND_MINING	Allegheny Technologies Incorporated	Verenigde Staten	623477
METALS_AND_MINING	ArcelorMittal	Luxemburg	445139
METALS_AND_MINING	Arconic Corporation	Verenigde Staten	3581328
METALS_AND_MINING	BHP Group	Australië	42266090
METALS_AND_MINING	Big River Steel Holdings LLC	Verenigde Staten	982414
METALS_AND_MINING	Carpenter Technology Corporation	Verenigde Staten	9184851
METALS_AND_MINING	Cleveland-Cliffs Inc	Verenigde Staten	1741344
METALS_AND_MINING	Cleveland-Cliffs Inc.	Verenigde Staten	1971785
METALS_AND_MINING	Coeur Mining, Inc.	Verenigde Staten	522061
METALS_AND_MINING	Compass Minerals International, Inc.	Verenigde Staten	2526348
METALS_AND_MINING	Constellium SE	Frankrijk	12051362
METALS_AND_MINING	EMG Fund II Management, L.P.	Canada	468512
METALS_AND_MINING	First Quantum Minerals Ltd.	Canada	53789258
METALS_AND_MINING	Fletcher Group Holdings Limited	Rusland	52196338
METALS_AND_MINING	Fortescue Metals Group Limited	Australië	1718292
METALS_AND_MINING	Freeport-McMoRan Inc.	Verenigde Staten	15831515
METALS_AND_MINING	Glencore plc	Jersey	12989178
METALS_AND_MINING	GrafTech International Ltd.	Verenigde Staten	6099852
METALS_AND_MINING	Hindalco Industries Limited	India	14453792
METALS_AND_MINING	Hudbay Minerals Inc.	Canada	2840444
METALS_AND_MINING	Kaiser Aluminum Corporation	Verenigde Staten	9712382
METALS_AND_MINING	Mineral Resources Limited	Australië	761888
METALS_AND_MINING	Mirabela Nickel Ltd.	Australië	149633
METALS_AND_MINING	Mountain Province Diamonds Inc.	Canada	282778
METALS_AND_MINING	Murray Energy Corporation	Verenigde Staten	23838
METALS_AND_MINING	Taseko Mines Limited	Canada	732878
METALS_AND_MINING	TMS International Corp.	Verenigde Staten	924214
METALS_AND_MINING	United States Steel Corporation	Verenigde Staten	2294372
MIDSTREAM	Antero Midstream Corporation	Verenigde Staten	3483766
MIDSTREAM	Brookfield Infrastructure Partners L.P.	Canada	2341671
MIDSTREAM	Cheniere Energy, Inc.	Verenigde Staten	2189756
MIDSTREAM	Cheniere Energy Partners LP	Verenigde Staten	6642982
MIDSTREAM	Cosan S.A.	Bermuda	46872061
MIDSTREAM	Crestwood Equity Partners LP	Verenigde Staten	2908898
MIDSTREAM	DCP Midstream, LP	Verenigde Staten	8928157
MIDSTREAM	Delek US Holdings, Inc.	Verenigde Staten	1963844
MIDSTREAM	DT Midstream Inc	Verenigde Staten	4153635
MIDSTREAM	Energy Transfer LP	Verenigde Staten	862236
MIDSTREAM	EnLink Midstream, LLC	Verenigde Staten	4809915
MIDSTREAM	Equitrans Midstream Corporation	Verenigde Staten	14002159
MIDSTREAM	Farringford N.V.	Singapore	36508638
MIDSTREAM	Fermaca Enterprises S. de R.L. de C.V.	Mexico	35304296
MIDSTREAM	Ferrellgas Partners, L.P.	Verenigde Staten	3529627
MIDSTREAM	Galaxy Pipeline Assets Bidco Limited	Jersey	39630809
MIDSTREAM	Genesis Energy, L.P.	Verenigde Staten	1943134
MIDSTREAM	Global Partners LP	Verenigde Staten	6444909
MIDSTREAM	GNL Quintero S.A.	Chili	46687485
MIDSTREAM	Harvest Midstream I LP	Verenigde Staten	2389998
MIDSTREAM	Hess Midstream Partners LP	Verenigde Staten	3646714
MIDSTREAM	HollyFrontier Corporation	Verenigde Staten	2542026
MIDSTREAM	New Fortress Energy Inc	Verenigde Staten	575428
MIDSTREAM	NGL Energy Operating LLC / NGL Energy Finance Corp	Verenigde Staten	1940537
MIDSTREAM	NuStar Energy L.P.	Verenigde Staten	14458031
MIDSTREAM	PBF Logistics LP	Verenigde Staten	1743401
MIDSTREAM	Plains All American Pipeline, L.P.	Verenigde Staten	2397764
MIDSTREAM	Suburban Propane Partners, L.P.	Verenigde Staten	6748724
MIDSTREAM	Summit Midstream Partners, LP	Verenigde Staten	1143442
MIDSTREAM	Sunoco LP	Verenigde Staten	5129134
MIDSTREAM	Superior Plus Corp.	Canada	5179780
MIDSTREAM	Tallgrass Energy GP, LP	Verenigde Staten	1128739
MIDSTREAM	Tallgrass Energy, LP	Verenigde Staten	1491519
MIDSTREAM	Targa Resources Corp.	Verenigde Staten	14381166
MIDSTREAM	Targa Resources Partners LP / Targa Resources Partners Finance Corp	Verenigde Staten	4144891
MIDSTREAM	The Williams Companies, Inc.	Verenigde Staten	1065456
MIDSTREAM	TLP Acquisition Holdings LLC	Verenigde Staten	5297238
MIDSTREAM	Transportadora de Gas del Perú S.A.	Peru	25417768
MIDSTREAM	UGI Corporation	Verenigde Staten	9375765
MTG_NON_PFANDBRIEFE	BAWAG Group AG	Oostenrijk	83908524
MTG_NON_PFANDBRIEFE	Belfius Bank SA	België	19397217
MTG_NON_PFANDBRIEFE	Confédération Nationale du Crédit Mutuel	Frankrijk	6542745
MTG_NON_PFANDBRIEFE	Danske Bank A/S	Denemarken	8857768
MTG_NON_PFANDBRIEFE	Groupe BPCE	Frankrijk	9209861
MTG_NON_PFANDBRIEFE	KBC Group NV	België	4030641
MTG_NON_PFANDBRIEFE	Länsförsäkringar AB	Zweden	20270022
MTG_NON_PFANDBRIEFE	Raiffeisenbankengruppe Oberösterreich Verbund eGen	Oostenrijk	6461774
MTG_NON_PFANDBRIEFE	SBAB Bank AB (publ)	Zweden	25967431
MTG_NON_PFANDBRIEFE	Societe de Financement Local	Frankrijk	72215901
MTG_NON_PFANDBRIEFE	Stichting ING Aandelen	Nederland	57162645
MTG_NON_PFANDBRIEFE	Swedbank AB (publ)	Zweden	60016282
NATURAL_GAS	Centrica plc	Verenigd Koninkrijk	757090
NATURAL_GAS	ENGIE SA	Frankrijk	90601025
NATURAL_GAS	ENN Energy Holdings Limited	Kaaimaneilanden	30708504
NATURAL_GAS	EP Investment S.à.r.l.	Luxemburg	60602998
NATURAL_GAS	Naturgy Energy Group, S.A.	Spanje	17208312
NATURAL_GAS	Sempra	Verenigde Staten	40127132
NATURAL_GAS	Snam S.p.A.	Italië	39529380
Not specified	AHS Medical Holdings LLC	Verenigde Staten	488889
Not specified	APi Group Corporation	Verenigde Staten	2083821
Not specified	At Home Group Inc.	Verenigde Staten	785221
Not specified	Brazil	Brazilië	15115697
Not specified	Britannia Industries Limited	India	1873
Not specified	CAP S.A.	Chili	25438275
Not specified	Carrols Restaurant Group, Inc.	Verenigde Staten	605176
Not specified	Clarivate Plc	Jersey	9068300
Not specified	Clean Renewable Power (Mauritius) Pte. Ltd.	Verenigd Koninkrijk	30331423
Not specified	Colombian TES	Not specified	2545884
Not specified	CQP Holdco LP / BIP-V Chinook Holdco LLC	Verenigde Staten	3486160
Not specified	Deuce Holdco Limited	Verenigd Koninkrijk	4545050
Not specified	Digi Communications N.V.	Roemenië	45590006
Not specified	Egypt	Egypte	10783742
Not specified	Elastic N.V.	Nederland	611044
Not specified	Energuate Trust	Guatemala	30739655
Not specified	European Stability Mechanism	Not specified	228188097
Not specified	Everi Holdings Inc.	Verenigde Staten	648077
Not specified	First Pacific Company Limited	Bermuda	38564995
Not specified	Globe Trade Centre S.A.	Bermuda	40194860
Not specified	Groupe Ecore Holding S.A.S.	Luxemburg	710843
Not specified	Indigo Merger Sub Inc	Ierland	2509509
Not specified	Inn Of The Mountain Gods Resort & Casino	Verenigde Staten	32053
Not specified	InPost S.A.	Luxemburg	8475977
Not specified	Intelligent Packaging Holdco Issuer LP	Canada	361328
Not specified	InterEnergy Holdings Ltd.	Dominicaanse Republiek	17228169
Not specified	K2016470219 (SOUTH AFRICA) Ltd	Zuid-Afrika	2124
Not specified	Kantar Global Holdings S.a r.l.	Verenigde Staten	151016
Not specified	Leeward Renewable Energy Operations LLC	Canada	991571
Not specified	LMIRT Capital Pte. Ltd.	Singapore	26975803
Not specified	Macquarie Infrastructure Corporation	Verenigde Staten	9136557
Not specified	Madison Industries Holdings LLC	Verenigde Staten	4403720
Not specified	MicroStrategy Incorporated	Verenigde Staten	613874
Not specified	NMC Health Plc	Verenigd Koninkrijk	7629783
Not specified	Nobel Bidco B.V.	Kaaimaneilanden	3933167
Not specified	Paysafe Finance PLC / Paysafe Holdings US Corp	Jersey	603542
Not specified	PCCW Limited	Hongkong	59807528
Not specified	Picard Groupe SAS	Verenigd Koninkrijk	2612500
Not specified	Punch Finance Plc	Verenigd Koninkrijk	3194393
Not specified	Qatar Petroleum	Qatar	29650134
Not specified	Raptor Acquisition Corp / Raptor Co-Issuer LLC	Verenigde Staten	638217
Not specified	Serbia	Servië	6481963
Not specified	Victoria's Secret & Co	Verenigde Staten	499945
Not specified	Videotron Ltd / Videotron Ltee	Canada	2813318
OFFICE_REITS	Icade SA	Frankrijk	15704687
OIL_FIELD_SERVICES	Archrock, Inc.	Verenigde Staten	3614272
OIL_FIELD_SERVICES	Basic Energy Services, Inc.	Verenigde Staten	287096
OIL_FIELD_SERVICES	Bristow Group Inc.	Verenigde Staten	1449663
OIL_FIELD_SERVICES	ChampionX Corporation	Verenigde Staten	1677159
OIL_FIELD_SERVICES	Ensign Energy Services Inc.	Canada	1303409
OIL_FIELD_SERVICES	Exterran Corporation	Verenigde Staten	4823763
OIL_FIELD_SERVICES	Guara Norte S.à r.l.	Nederland	33076271
OIL_FIELD_SERVICES	MV24 Capital BV	Brazilië	38637760
OIL_FIELD_SERVICES	Nabors Industries Ltd.	Verenigde Staten	3094199
OIL_FIELD_SERVICES	Nine Energy Service, Inc.	Verenigde Staten	165052
OIL_FIELD_SERVICES	Parker Drilling Company	Verenigde Staten	233652
OIL_FIELD_SERVICES	Precision Drilling Corporation	Canada	1503337
OIL_FIELD_SERVICES	Saipem SpA	Italië	1647529
OIL_FIELD_SERVICES	Solaris Midstream	Verenigde Staten	759108
OIL_FIELD_SERVICES	TechnipFMC plc	Verenigd Koninkrijk	1517089
OIL_FIELD_SERVICES	Transocean Ltd.	Verenigde Staten	7405498
OIL_FIELD_SERVICES	USA Compression Partners, LP	Verenigde Staten	2277345
OIL_FIELD_SERVICES	Weatherford International Ltd	Ierland	1223538
OTHER_REITS	Covivio	Frankrijk	13881456
OTHER_REITS	ESH Hospitality, Inc.	Verenigde Staten	742557
OTHER_REITS	Fibra UNO	Mexico	29536856
OTHER_REITS	Foncière des Régions	Frankrijk	7421326
OTHER_REITS	Hannon Armstrong Sustain Infrastr Cap, Inc.	Verenigde Staten	1076185
OTHER_REITS	Ladder Capital Corp	Verenigde Staten	8382695
OTHER_REITS	Park Intermediate Holdings LLC	Verenigde Staten	5034752
OTHER_REITS	Prologis Euro Finance LLC	Verenigde Staten	19317930
OTHER_REITS	Prologis International Funding II S.A.	Verenigde Staten	33400965
OTHER_REITS	Public Storage	Verenigde Staten	20601577
OTHER_REITS	RLJ Lodging Trust	Verenigde Staten	2677735
OTHER_REITS	Ryman Hospitality Properties, Inc.	Verenigde Staten	1232858
OTHER_REITS	Service Properties Trust	Verenigde Staten	8225000
OTHER_REITS	Starwood Property Trust, Inc.	Verenigde Staten	616794
OTHER_REITS	XHR LP	Verenigde Staten	1284671
OWNED_NO_GUARANTEE	Axiata Group Berhad	Maleisië	33324942
OWNED_NO_GUARANTEE	Bank of China Limited	China	13584379
OWNED_NO_GUARANTEE	BNG Bank N.V.	Nederland	59603442
OWNED_NO_GUARANTEE	Bulgarian Energy Holding EAD	Bulgarije	42512508
OWNED_NO_GUARANTEE	Buttonwood Investment Holding Company Ltd	China	44580835
OWNED_NO_GUARANTEE	China Construction Bank Corporation	China	27197748
OWNED_NO_GUARANTEE	China Development Bank	China	52114148
OWNED_NO_GUARANTEE	China Huarong Asset Management Co., Ltd.	China	6019189
OWNED_NO_GUARANTEE	Comision Federal de Electricidad	Mexico	45168132
OWNED_NO_GUARANTEE	Conyers Trust Company (Cayman) Limited	Verenigde Arabische Emiraten	56320950
OWNED_NO_GUARANTEE	DP World Salaam	Kaaimaneilanden	7422289
OWNED_NO_GUARANTEE	Dubai World Corporation	Verenigde Arabische Emiraten	14945772
OWNED_NO_GUARANTEE	Gaz Finance PLC	Rusland	26622492
OWNED_NO_GUARANTEE	Indian Railway Finance Corporation Limited	India	35303954
OWNED_NO_GUARANTEE	Industrial and Commercial Bank of China Limited	Hongkong	15568241
OWNED_NO_GUARANTEE	McLaren Group Ltd.	Verenigd Koninkrijk	302298
OWNED_NO_GUARANTEE	Nederlandse Waterschapsbank N.V.	Nederland	96516875
OWNED_NO_GUARANTEE	NOVA Chemicals Corporation	Canada	3844761
OWNED_NO_GUARANTEE	Orano SA	Frankrijk	1094295
OWNED_NO_GUARANTEE	Petróleos Mexicanos	Mexico	97239442
OWNED_NO_GUARANTEE	Petroliam Nasional Berhad	Maleisië	53924362
OWNED_NO_GUARANTEE	Power Finance Corporation Limited	India	35572727
OWNED_NO_GUARANTEE	PT Pelabuhan Indonesia III (Persero)	Indonesië	31527177
OWNED_NO_GUARANTEE	PT Pertamina (Persero)	Indonesië	60809066
OWNED_NO_GUARANTEE	Public Joint Stock Company Gazprom	Rusland	63837264
OWNED_NO_GUARANTEE	Qatar Gas Transpt Comp Ltd (Nakilat) (QPSC)	Qatar	45887325
OWNED_NO_GUARANTEE	REC Ltd	India	4158039
OWNED_NO_GUARANTEE	Slovenský plynárenský priemysel, a.s.	Slowakije	11582610
OWNED_NO_GUARANTEE	Société du Grand Paris	Frankrijk	178285605
OWNED_NO_GUARANTEE	State Grid Corporation of China	China	18045567
OWNED_NO_GUARANTEE	State-owned Assets Supervision and Administr Commi	China	16135933
OWNED_NO_GUARANTEE	Tabreed Sukuk SPC Limited	Verenigde Arabische Emiraten	19080955
OWNED_NO_GUARANTEE	TenneT Holding B.V.	Nederland	4965424
OWNED_NO_GUARANTEE	The EDF Group	Frankrijk	19333637
OWNED_NO_GUARANTEE	The Export-Import Bank of Korea	Zuid-Korea	2353966
OWNED_NO_GUARANTEE	The Israel Electric Corporation Limited	Israël	52837262
OWNED_NO_GUARANTEE	The Oil & Gas Holding Company B.S.C. (closed)	Bahrein	19054586
OWNED_NO_GUARANTEE	Union Power Holding Company Pjsc	Verenigde Arabische Emiraten	54447847
OWNED_NO_GUARANTEE	YPF Sociedad Anónima	Argentinië	21824025
PACKAGING	Ardagh Metal Packaging Finance USA LLC / Ardagh Metal Packaging Finance plc	Luxemburg	9792271
PACKAGING	ARD Holdings S.A.	Ierland	14257459
PACKAGING	Ball Corporation	Verenigde Staten	3252429
PACKAGING	Berry Global Group, Inc.	Verenigde Staten	1211168
PACKAGING	BWAY Parent Company, Inc.	Verenigde Staten	7715764
PACKAGING	Crown Holdings, Inc.	Verenigde Staten	5048731
PACKAGING	Flex Acquisition Holdings, Inc.	Verenigde Staten	3033092
PACKAGING	F&P Holdings, Inc.	Polen	47388612
PACKAGING	Greif, Inc.	Verenigde Staten	1215559
PACKAGING	Intelligent Packaging Sub Limited Partnership	Canada	744086
PACKAGING	Intertape Polymer Group Inc.	Canada	1997457
PACKAGING	Kleopatra Holdings 1 S.C.A.	Verenigde Staten	2688750
PACKAGING	O-I Glass, Inc.	Verenigde Staten	264372
PACKAGING	Plastipak Holdings, Inc.	Verenigde Staten	268439
PACKAGING	Sealed Air Corporation	Verenigde Staten	295493
PACKAGING	Silgan Holdings Inc.	Verenigde Staten	2924919
PACKAGING	Trident TPI Holdings, Inc.	Verenigde Staten	191805
PACKAGING	Trivium Packaging B.V.	Canada	3542598
PAPER	Cascades Inc.	Canada	719046
PAPER	Clearwater Paper Corporation	Verenigde Staten	694745
PAPER	Inversiones Angelini Y Compania Limitada	Chili	53929955
PAPER	JH-Holding GmbH	Duitsland	2477391
PAPER	Klabin S.A.	Brazilië	44837313
PAPER	Mercer International Inc.	Verenigde Staten	1109187
PAPER	SIG Combibloc Group AG	Canada	18090126
PAPER	Smurfit Kappa Group Plc	Ierland	17716779
PAPER	Spa Holdings 3 Oy	Verenigde Staten	302538
PAPER	Suzano Papel e Celulose S.A.	Brazilië	68890732
P&C	Acrisure Holdings, Inc.	Verenigde Staten	2523231
P&C	Acrisure LLC / Acrisure Finance Inc	Verenigde Staten	1597705
P&C	Alliant Holdings, L.P.	Verenigde Staten	5501413
P&C	American Wholesale Insurance Holding Company, LLC	Verenigde Staten	3093664
P&C	AssuredPartners, Inc.	Verenigde Staten	2299217
P&C	BroadStreet Partners, Inc.	Verenigde Staten	2247903
P&C	Hockey Parent Holdings, L.P.	Verenigde Staten	7292538
P&C	Liberty Mutual Group Inc	Verenigde Staten	1240101
P&C	MGIC Investment Corporation	Verenigde Staten	4066429
P&C	NMI Holdings, Inc.	Verenigde Staten	661204
P&C	Radian Group Inc.	Verenigde Staten	3476239
P&C	USIS Merger Subordinated Inc.	Verenigde Staten	4483743
PFANDBRIEFE_TRADITIONAL_HYPOTHEKEN	Deutsche Pfandbriefbank AG	Duitsland	20230426
PFANDBRIEFE_TRADITIONAL_HYPOTHEKEN	Deutscher Sparkassen- und Giroverband e.V.	Duitsland	30127205
PFANDBRIEFE_TRADITIONAL_HYPOTHEKEN	Erste Group Bank AG	Oostenrijk	52528555
PFANDBRIEFE_TRADITIONAL_HYPOTHEKEN	Hamburg Commercial Bank AG	Duitsland	9079972
PFANDBRIEFE_TRADITIONAL_HYPOTHEKEN	HVB Funding Trust	Italië	6410654
PFANDBRIEFE_TRADITIONAL_HYPOTHEKEN	Münchener Hypothekenbank eG	Duitsland	5291077
PFANDBRIEFE_TRADITIONAL_HYPOTHEKEN	Norddeutsche Landesbank Girozentrale	Duitsland	6117548
PFANDBRIEFE_TRADITIONAL_HYPOTHEKEN	Sparkassen-Finanzgruppe Hessen-Thüringen	Duitsland	13878511
PHARMACEUTICALS	ADVANZ PHARMA HoldCo Limited	Zwitserland	3082949
PHARMACEUTICALS	AstraZeneca PLC	Verenigd Koninkrijk	21405539
PHARMACEUTICALS	Bausch Health Companies Inc.	Canada	29380462
PHARMACEUTICALS	Bayer Aktiengesellschaft	Duitsland	73729133
PHARMACEUTICALS	CHEPLAPHARM Arzneimittel GmbH	Duitsland	11024525
PHARMACEUTICALS	Endo International plc	Ierland	11907377
PHARMACEUTICALS	Endo Luxembourg Finance Co I Sarl / Endo US Inc	Ierland	2932827
PHARMACEUTICALS	Grünenthal Pharma GmbH & Co. KG	Duitsland	2170061
PHARMACEUTICALS	Jazz Pharmaceuticals plc	Ierland	1933517
PHARMACEUTICALS	Mallinckrodt plc	Verenigde Staten	840305
PHARMACEUTICALS	Merck & Co., Inc.	Verenigde Staten	12779252
PHARMACEUTICALS	Nidda Healthcare Holding GmbH	Duitsland	2267384
PHARMACEUTICALS	Novartis AG	Zwitserland	9628459
PHARMACEUTICALS	Phoenix International Beteiligungs GmbH	Duitsland	2038148
PHARMACEUTICALS	P&L Development, LLC	Verenigde Staten	1157680
PHARMACEUTICALS	Takeda Pharmaceutical Company Limited	Japan	67195640
PHARMACEUTICALS	Teva Pharmaceutical Industries Limited	Israël	57123317
PHARMACEUTICALS	Viatris Inc.	Verenigde Staten	17052752
RAILROADS	Getlink SE	Frankrijk	3032762
REFINING	Parkland Corporation	Canada	7222551
REFINING	PBF Energy Inc.	Verenigde Staten	1200846
REFINING	Renewable Energy Group, Inc.	Verenigde Staten	468104
RESTAURANTS	Arcos Dorados Holdings Inc.	Brazilië	39088271
RESTAURANTS	Bloomin' Brands, Inc.	Verenigde Staten	269091
RESTAURANTS	CEC Entertainment, Inc.	Verenigde Staten	326998
RESTAURANTS	Fertitta Entertainment, Inc.	Verenigde Staten	4988698
RESTAURANTS	Inspire Brands, Inc.	Verenigde Staten	4977236
RESTAURANTS	Nathan's Famous, Inc.	Verenigde Staten	3435238
RESTAURANTS	Restaurant Brands International Inc.	Canada	19196596
RESTAURANTS	Sizzling Platter, LLC	Verenigde Staten	1521397
RESTAURANTS	Stonegate Pub Company Limited	Verenigd Koninkrijk	1598532
RESTAURANTS	Yum! Brands, Inc.	Verenigde Staten	6022336
RETAILERS	Abercrombie & Fitch Co.	Verenigde Staten	531773
RETAILERS	Asbury Automotive Group, Inc.	Verenigde Staten	504112
RETAILERS	Bath & Body Works, Inc.	Verenigde Staten	13668467
RETAILERS	B&M European Value Retail S.A.	Luxemburg	3289998
RETAILERS	Crocs, Inc.	Verenigde Staten	2753700
RETAILERS	Dufry AG	Zwitserland	2200076
RETAILERS	Eagle Super Global Holding B.V.	China	434304
RETAILERS	Garff Enterprises, Inc.	Verenigde Staten	363852
RETAILERS	Hanesbrands Inc.	Verenigde Staten	6978636
RETAILERS	HSE Finance S.à.r.l	Luxemburg	1863673
RETAILERS	Kirk Beauty S.à r.l.	Luxemburg	2301269
RETAILERS	LCM Investments Holdings II LLC	Verenigde Staten	1148243
RETAILERS	Lithia Motors, Inc.	Verenigde Staten	3292396
RETAILERS	LSF9 Atlantis Holdings LLC / Victra Finance Corp	Verenigde Staten	1282119
RETAILERS	LVMH Moët Hennessy - Louis Vuitton, Société Europé	Frankrijk	38770589
RETAILERS	Macy's, Inc.	Verenigde Staten	3147032
RETAILERS	Magic MergerCo Inc	Verenigde Staten	2321111
RETAILERS	Marks and Spencer Group plc	Verenigd Koninkrijk	1280460
RETAILERS	Metis Merger Sub LLC	Verenigde Staten	1074361
RETAILERS	Murphy USA Inc.	Verenigde Staten	3325788
RETAILERS	Optima Bidco (Jersey) Limited	Verenigd Koninkrijk	3119319
RETAILERS	Party City Holdco Inc.	Verenigde Staten	529254
RETAILERS	PetSmart Inc / PetSmart Finance Corp	Verenigde Staten	10280183
RETAILERS	Qurate Retail, Inc.	Verenigde Staten	897796
RETAILERS	Rent-A-Center, Inc.	Verenigde Staten	7238153
RETAILERS	Rite Aid Corporation	Verenigde Staten	1205030
RETAILERS	Shop Direct Holdings Limited	Verenigd Koninkrijk	3063016
RETAILERS	Sonic Automotive, Inc.	Verenigde Staten	1416025
RETAILERS	The Gap, Inc.	Verenigde Staten	904171
RETAILERS	Vivo Energy plc	Verenigd Koninkrijk	38391035
RETAILERS	Wolverine World Wide, Inc.	Verenigde Staten	5165271
RETAIL_REITS	NE Property B.V	Roemenië	49784944
RETAIL_REITS	Unibail-Rodamco-Westfield SE	Not specified	29936500
SOVEREIGN	Dominican Republic	Dominicaanse Republiek	18682307
SUPERMARKETS	Albertsons Investor Holdings LLC	Verenigde Staten	8859675
SUPERMARKETS	Bellis Finco PLC	Verenigd Koninkrijk	8250484
SUPERMARKETS	Carrefour SA	Frankrijk	15994380
SUPERMARKETS	Casino, Guichard-Perrachon Société Anonyme	Frankrijk	9223083
SUPERMARKETS	Co-operative Group Limited	Verenigd Koninkrijk	1859478
SUPERMARKETS	C&S Wholesale Grocers, Inc.	Verenigde Staten	515006
SUPERMARKETS	Ingles Markets, Incorporated	Verenigde Staten	944525
SUPERMARKETS	Intercorp Perú Ltd.	Bahama's	37793216
SUPERMARKETS	KeHe Distributors Holdings LLC	Verenigde Staten	3030082
SUPERMARKETS	Koninklijke Ahold Delhaize N.V.	Nederland	20815802
SUPERMARKETS	LSF5 BI-LO Holdings, LLC	Verenigde Staten	1907201
SUPERMARKETS	Tesco PLC	Verenigd Koninkrijk	9738931
SUPRANATIONAL	African Development Bank	Not specified	49371699
SUPRANATIONAL	Asian Development Bank	Not specified	210528425
SUPRANATIONAL	Asian Infrastructure Investment Bank	Not specified	17678588
SUPRANATIONAL	European Financial Stability Facility S.A.	Not specified	494163146
SUPRANATIONAL	European Investment Bank	Not specified	272732547
SUPRANATIONAL	European Union	Not specified	1549231940
SUPRANATIONAL	Inter-American Development Bank	Not specified	45266109
SUPRANATIONAL	Intl Bank for Recons and Developm	Not specified	136686325
SUPRANATIONAL	Nordic Investment Bank	Not specified	33408464
SUPRANATIONAL	The European Bank for Recons and Developm	Not specified	196016011
SUPRANATIONAL	The International Development Association	Not specified	42686159
SUPRANATIONAL	The World Bank Group	Not specified	6689462
TECHNOLOGY	ACI Worldwide, Inc.	Verenigde Staten	1426928
TECHNOLOGY	Acuris Finance Us Inc / Acuris Finance SARL	Luxemburg	483060
TECHNOLOGY	Ahead DB Holdings, LLC	Verenigde Staten	619536
TECHNOLOGY	Alight, Inc.	Verenigde Staten	1924770
TECHNOLOGY	Amkor Technology, Inc.	Verenigde Staten	365984
TECHNOLOGY	ams AG	Oostenrijk	1967193
TECHNOLOGY	Apple Inc.	Verenigde Staten	70226129
TECHNOLOGY	Ascend Learning, LLC	Verenigde Staten	2652028
TECHNOLOGY	ASML Holding N.V.	Nederland	69892172
TECHNOLOGY	Banff Parent Inc.	Verenigde Staten	2483357
TECHNOLOGY	Black Knight, Inc.	Verenigde Staten	727157
TECHNOLOGY	Boxer Parent Company, Inc.	Verenigde Staten	5034258
TECHNOLOGY	Brightstar Escrow Corp.	Verenigde Staten	507612
TECHNOLOGY	Capgemini SE	Frankrijk	38140392
TECHNOLOGY	Castle Intermediate Holding V Limited	Verenigde Staten	1896495
TECHNOLOGY	CDK Global, Inc.	Verenigde Staten	2439297
TECHNOLOGY	CDW Corporation	Verenigde Staten	662147
TECHNOLOGY	CommScope Holding Company, Inc.	Verenigde Staten	6702475
TECHNOLOGY	CPI CG Inc	Verenigde Staten	7645093
TECHNOLOGY	CrowdStrike Holdings, Inc.	Verenigde Staten	281715
TECHNOLOGY	Dell Technologies Inc.	Verenigde Staten	1695214
TECHNOLOGY	Diebold Nixdorf, Incorporated	Verenigde Staten	4177022
TECHNOLOGY	Dun & Bradstreet Holdings, Inc.	Verenigde Staten	1624473
TECHNOLOGY	Endurance Acquisition Merger Sub	Verenigde Staten	1200857
TECHNOLOGY	Entegris, Inc.	Verenigde Staten	2376338
TECHNOLOGY	Exela Technologies, Inc.	Verenigde Staten	1271830
TECHNOLOGY	Fidelity National Information Services, Inc.	Verenigde Staten	61513029
TECHNOLOGY	Gartner, Inc.	Verenigde Staten	7179841
TECHNOLOGY	Helios Software Holdings, Inc.	Verenigde Staten	2593191
TECHNOLOGY	Imola Merger Corp	Verenigde Staten	4304156
TECHNOLOGY	Inception Parent, Inc.	Verenigde Staten	363270
TECHNOLOGY	Infineon Technologies AG	Duitsland	29348912
TECHNOLOGY	International Business Machines Corporation	Verenigde Staten	48426741
TECHNOLOGY	ION Group	Verenigde Staten	1873002
TECHNOLOGY	Iron Mountain Incorporated	Verenigde Staten	21266778
TECHNOLOGY	Iron Mountain Luxembourg S.A.R.L.	Verenigde Staten	3763795
TECHNOLOGY	J2 Global, Inc.	Verenigde Staten	1991352
TECHNOLOGY	Logan Parent LLC	Verenigde Staten	4419966
TECHNOLOGY	Microchip Technology Incorporated	Verenigde Staten	1306643
TECHNOLOGY	MSCI Inc.	Verenigde Staten	5303842
TECHNOLOGY	NCR Corporation	Verenigde Staten	25436479
TECHNOLOGY	Nexi S.p.A.	Italië	7254427
TECHNOLOGY	Nielsen Holdings plc	Verenigd Koninkrijk	14416646
TECHNOLOGY	Nokia Corporation	Finland	2622068
TECHNOLOGY	ON Semiconductor Corporation	Verenigde Staten	637288
TECHNOLOGY	Open Text Corporation	Canada	4319469
TECHNOLOGY	Plantronics, Inc.	Verenigde Staten	4758156
TECHNOLOGY	Playtech plc	Verenigd Koninkrijk	2789158
TECHNOLOGY	Presidio, Inc.	Verenigde Staten	3278783
TECHNOLOGY	PTC Inc.	Verenigde Staten	864040
TECHNOLOGY	Qorvo, Inc.	Verenigde Staten	1788078
TECHNOLOGY	QualityTech, LP	Verenigde Staten	5290421
TECHNOLOGY	RedPrairie Holding, Inc.	Verenigde Staten	426448
TECHNOLOGY	RELX PLC	Verenigd Koninkrijk	30839684
TECHNOLOGY	Rocket Software, Inc.	Verenigde Staten	547182
TECHNOLOGY	Sabre Corporation	Verenigde Staten	8530559
TECHNOLOGY	Science Applications International Corporation	Verenigde Staten	923190
TECHNOLOGY	Seagate Technology Holdings plc	Ierland	912719
TECHNOLOGY	Sensata Technologies Holding N.V.	Verenigd Koninkrijk	297121
TECHNOLOGY	Sensata Technologies Holding plc	Verenigd Koninkrijk	3936935
TECHNOLOGY	Shift4 Payments, Inc.	Verenigde Staten	1731780
TECHNOLOGY	Square, Inc.	Verenigde Staten	838977
TECHNOLOGY	SS&C Technologies Holdings, Inc.	Verenigde Staten	2255589
TECHNOLOGY	Switch Ltd	Verenigde Staten	6668668
TECHNOLOGY	Synaptics Incorporated	Verenigde Staten	857437
TECHNOLOGY	Tencent Holdings Limited	China	52229172
TECHNOLOGY	TTM Technologies, Inc.	Verenigde Staten	1527257
TECHNOLOGY	Twilio Inc.	Verenigde Staten	4387948
TECHNOLOGY	Veritas Holdings Ltd	Bermuda	1796282
TECHNOLOGY	Verscend Escrow Corporation	Verenigde Staten	2348358
TECHNOLOGY	Virtusa Corporation	Verenigde Staten	418630
TECHNOLOGY	Xerox Holdings Corporation	Verenigde Staten	1680572
TECHNOLOGY	ZoomInfo Technologies LLC/ZoomInfo Finance Corp	Verenigde Staten	2339212
TRANSPORTATION_SERVICES	Air Transport Services Group, Inc.	Verenigde Staten	789156
TRANSPORTATION_SERVICES	Atlantia SpA	Italië	59450743
TRANSPORTATION_SERVICES	Avis Budget Group, Inc.	Verenigde Staten	6256741
TRANSPORTATION_SERVICES	Eiffage SA	Frankrijk	31838080
TRANSPORTATION_SERVICES	Europcar Mobility Group S.A.	Verenigd Koninkrijk	3525794
TRANSPORTATION_SERVICES	FGP Topco Limited	Verenigd Koninkrijk	29208824
TRANSPORTATION_SERVICES	GMR Infrastructure Limited	India	30757142
TRANSPORTATION_SERVICES	Hertz Global Holdings, Inc.	Verenigde Staten	2033509
TRANSPORTATION_SERVICES	Hidrovias do Brasil S.A.	Brazilië	34495468
TRANSPORTATION_SERVICES	JSP Holding S.A.	Brazilië	21333052
TRANSPORTATION_SERVICES	LBC Tank Terminals Holding Netherlands BV	België	10421250
TRANSPORTATION_SERVICES	Merit Corporation	Frankrijk	3685298
TRANSPORTATION_SERVICES	Q-Park Holding I B.V.	Verenigde Staten	2160454
TRANSPORTATION_SERVICES	Rumo S.A.	Brazilië	42812865
TRANSPORTATION_SERVICES	Rutas 2 And 7 Finance Limited	Verenigde Staten	25671611
TRANSPORTATION_SERVICES	VINCI SA	Frankrijk	20337892
TRANSPORTATION_SERVICES	Western Global Airlines, LLC	Verenigde Staten	897571
TRANSPORTATION_SERVICES	XPO Logistics, Inc.	Verenigde Staten	1634572
TREASURIES	Austria	Oostenrijk	6108259399
TREASURIES	Belgium	België	5292235217
TREASURIES	Colombia	Colombia	36720849
TREASURIES	Czech Republic	Tsjechië	514086677
TREASURIES	Finland	Finland	3420087418
TREASURIES	France	Frankrijk	15321070076
TREASURIES	Germany	Duitsland	20125229659
TREASURIES	Indonesia	Indonesië	1124857048
TREASURIES	Japan	Japan	567783368
TREASURIES	Malaysia	Maleisië	933950236
TREASURIES	Mexico	Mexico	1079646540
TREASURIES	Ministerio De Hacienda Y Credito Publico	Colombia	573210257
TREASURIES	Ministerstwo Skarbu Panstwa	Polen	816358998
TREASURIES	Ministerul Finantelor Publice	Roemenië	342662595
TREASURIES	Ministry of Finance People's Republic of China	China	1087558285
TREASURIES	Ministry of Finance, Russian Federation	Rusland	799126170
TREASURIES	Ministry of Finance, Thailand	Thailand	979528902
TREASURIES	Ministry of Treasury and Finance	Turkije	159899416
TREASURIES	Netherlands	Nederland	12185771612
TREASURIES	Peru	Peru	300388071
TREASURIES	Philippines	Filipijnen	19684671
TREASURIES	Poland	Polen	271382780
TREASURIES	Republic of Hungary	Hongarije	502444486
TREASURIES	Republic of Poland Government Bond	Polen	98127794
TREASURIES	Romania Government Bond	Roemenië	11079316
TREASURIES	Russian Federal Bond - OFZ	Rusland	80278723
TREASURIES	Secretaria do Tesouro Nacional	Brazilië	1077654692
TREASURIES	Slovakia (Republic of)	Slowakije	37515225
TREASURIES	South Africa	Zuid-Afrika	1012168287
TREASURIES	United States Department of The Treasury	Verenigde Staten	6233145
UTILITY_OTHER	Suez SA	Frankrijk	15467755
UTILITY_OTHER	Veolia Environnement S.A.	Frankrijk	22935245
WIRELESS	América Móvil, S.A.B. de C.V.	Mexico	46963987
WIRELESS	Bharti Airtel Limited	India	52653526
WIRELESS	Cellnex Telecom, S.A.	Spanje	29314886
WIRELESS	Crystal Almond Holdings Limited	Griekenland	2526523
WIRELESS	Digicel Group Limited	Bermuda	16894625
WIRELESS	Helios Towers plc	Verenigd Koninkrijk	22381278
WIRELESS	IHS Holding Limited	Nigeria	40003525
WIRELESS	Infrastrutture Wireless Italiane S.p.A.	Italië	1851505
WIRELESS	Matterhorn Telecom Holding S.A.	Luxemburg	2536287
WIRELESS	Millicom International Cellular S.A.	Colombia	58171999
WIRELESS	Next Alt S.a.r.l.	Frankrijk	92149269
WIRELESS	PPF Group N.V.	Nederland	58321626
WIRELESS	PT Tower Bersama Infrastructure Tbk	Indonesië	51868040
WIRELESS	SBA Communications Corporation	Verenigde Staten	9239194
WIRELESS	SoftBank Group Corp.	Japan	8805409
WIRELESS	T-Mobile US, Inc.	Verenigde Staten	42212869
WIRELESS	Turkcell Iletisim Hizmetleri A.S.	Turkije	26835825
WIRELESS	VEON Ltd.	Bermuda	63625957
WIRELINES	AT&T Inc.	Verenigde Staten	114225515
WIRELINES	BT Group plc	Verenigd Koninkrijk	42434387
WIRELINES	Cogent Communications Holdings, Inc.	Verenigde Staten	1788682
WIRELINES	Consolidated Communications Holdings, Inc.	Verenigde Staten	1210735
WIRELINES	Deutsche Telekom AG	Duitsland	35535943
WIRELINES	Frontier Communications Holdings LLC	Verenigde Staten	104829
WIRELINES	Frontier Communications Parent, Inc.	Verenigde Staten	3324321
WIRELINES	Front Range Topco, inc	Verenigde Staten	6416339
WIRELINES	INNOVATE Corp.	Verenigde Staten	286130
WIRELINES	Levent Yapilandirma Yonetimi A.S.	Turkije	34195798
WIRELINES	Lumen Technologies, Inc.	Verenigde Staten	35008799
WIRELINES	Northwest Fiber LLC / Northwest Fiber Finance Sub Inc	Verenigde Staten	1217247
WIRELINES	Orange S.A.	Frankrijk	106618079
WIRELINES	TalkTalk Telecom Group Limited	Verenigd Koninkrijk	2053714
WIRELINES	Telecom Italia S.p.A.	Italië	22188431
WIRELINES	Telefónica, S.A.	Spanje	71646603
WIRELINES	Telstra Corporation Limited	Australië	23043176
WIRELINES	Uniti Group LP	Verenigde Staten	4099759
WIRELINES	Verizon Communications Inc.	Verenigde Staten	74312498
WIRELINES	Wexford Limited	Ierland	5876067
WIRELINES	Windstream Holdings, Inc.	Verenigde Staten	705965
